Date,Opponent,Princeton,Opponent,Description,W/L/T,H/A/N
9/28/1912,Stevens,65,0,9/28/1912 Princeton: 65 / Stevens: 0,W,H
10/2/1912,Rutgers,41,6,10/2/1912 Princeton: 41 / Rutgers: 6,W,H
10/5/1912,Lehigh,35,0,10/5/1912 Princeton: 35 / Lehigh: 0,W,H
10/12/1912,VPI,31,0,10/12/1912 Princeton: 31 / VPI: 0,W,H
10/19/1912,Syracuse,62,0,10/19/1912 Princeton: 62 / Syracuse: 0,W,H
10/26/1912,Dartmouth,22,7,10/26/1912 Princeton: 22 / Dartmouth: 7,W,H
11/2/1912,Harvard,6,16,11/2/1912 Princeton: 6 / Harvard: 16,L,A
11/9/1912,NYU,54,0,11/9/1912 Princeton: 54 / NYU: 0,W,H
11/16/1912,Yale,6,6,11/16/1912 Princeton: 6 / Yale: 6,T,H
9/27/1913,Rutgers,14,3,9/27/1913 Princeton: 14 / Rutgers: 3,W,H
10/2/1913,Fordham,69,0,10/2/1913 Princeton: 69 / Fordham: 0,W,H
10/11/1913,Bucknell,28,6,10/11/1913 Princeton: 28 / Bucknell: 6,W,H
10/18/1913,Syracuse,13,0,10/18/1913 Princeton: 13 / Syracuse: 0,W,H
10/25/1913,Dartmouth,0,6,10/25/1913 Princeton: 0 / Dartmouth: 6,L,H
11/1/1913,Holy Cross,54,0,11/1/1913 Princeton: 54 / Holy Cross: 0,W,H
11/8/1913,Harvard,0,3,11/8/1913 Princeton: 0 / Harvard: 3,L,H
11/15/1913,Yale,3,3,11/15/1913 Princeton: 3 / Yale: 3,T,A
9/26/1914,Rutgers,12,0,9/26/1914 Princeton: 12 / Rutgers: 0,W,H
10/3/1914,Bucknell,10,0,10/3/1914 Princeton: 10 / Bucknell: 0,W,H
10/10/1914,Syracuse,12,7,10/10/1914 Princeton: 12 / Syracuse: 7,W,H
10/17/1914,Lafayette,16,0,10/17/1914 Princeton: 16 / Lafayette: 0,W,H
10/24/1914,Dartmouth,16,12,10/24/1914 Princeton: 16 / Dartmouth: 12,W,H
10/31/1914,Williams,7,7,10/31/1914 Princeton: 7 / Williams: 7,T,H
11/7/1914,Harvard,0,20,11/7/1914 Princeton: 0 / Harvard: 20,L,A
11/14/1914,Yale,14,19,11/14/1914 Princeton: 14 / Yale: 19,L,H
9/25/1915,Georgetown,13,0,9/25/1915 Princeton: 13 / Georgetown: 0,W,H
10/2/1915,Rutgers,10,0,10/2/1915 Princeton: 10 / Rutgers: 0,W,H
10/9/1915,Syracuse,3,0,10/9/1915 Princeton: 3 / Syracuse: 0,W,H
10/16/1915,Lafayette,40,3,10/16/1915 Princeton: 40 / Lafayette: 3,W,H
10/23/1915,Williams,27,0,10/23/1915 Princeton: 27 / Williams: 0,W,H
11/6/1915,Harvard,6,10,11/6/1915 Princeton: 6 / Harvard: 10,L,H
11/13/1915,Yale,7,13,11/13/1915 Princeton: 7 / Yale: 13,L,A
9/30/1916,Holy Cross,21,0,9/30/1916 Princeton: 21 / Holy Cross: 0,W,A
10/7/1916,UNC,29,0,10/7/1916 Princeton: 29 / UNC: 0,W,H
10/14/1916,Tufts,3,0,10/14/1916 Princeton: 3 / Tufts: 0,W,H
10/21/1916,Lafayette,33,0,10/21/1916 Princeton: 33 / Lafayette: 0,W,H
10/28/1916,Dartmouth,7,3,10/28/1916 Princeton: 7 / Dartmouth: 3,W,H
11/4/1916,Bucknell,42,0,11/4/1916 Princeton: 42 / Bucknell: 0,W,H
11/11/1916,Harvard,0,3,11/11/1916 Princeton: 0 / Harvard: 3,L,A
11/18/1916,Yale,0,10,11/18/1916 Princeton: 0 / Yale: 10,L,H
10/4/1919,Trinity,28,0,10/4/1919 Princeton: 28 / Trinity: 0,W,H
10/11/1919,Lafayette,9,6,10/11/1919 Princeton: 9 / Lafayette: 6,W,H
10/18/1919,Rochester,34,0,10/18/1919 Princeton: 34 / Rochester: 0,W,H
10/25/1919,Colgate,0,7,10/25/1919 Princeton: 0 / Colgate: 7,L,H
11/1/1919,West Virginia,0,25,11/1/1919 Princeton: 0 / West Virginia: 25,L,H
11/8/1919,Harvard,10,10,11/8/1919 Princeton: 10 / Harvard: 10,T,H
11/15/1919,Yale,13,6,11/15/1919 Princeton: 13 / Yale: 6,W,A
10/2/1920,Swarthmore,17,6,10/2/1920 Princeton: 17 / Swarthmore: 6,W,H
10/9/1920,Maryland,35,0,10/9/1920 Princeton: 35 / Maryland: 0,W,H
10/16/1920,Washington and Lee,34,0,10/16/1920 Princeton: 34 / Washington and Lee: 0,W,H
10/23/1920,Navy,14,0,10/23/1920 Princeton: 14 / Navy: 0,W,H
10/30/1920,West Virginia,10,3,10/30/1920 Princeton: 10 / West Virginia: 3,W,H
11/6/1920,Harvard,14,14,11/6/1920 Princeton: 14 / Harvard: 14,T,A
11/13/1920,Yale,20,0,11/13/1920 Princeton: 20 / Yale: 0,W,H
10/1/1921,Swarthmore,21,7,10/1/1921 Princeton: 21 / Swarthmore: 7,W,H
10/8/1921,Colgate,19,0,10/8/1921 Princeton: 19 / Colgate: 0,W,H
10/15/1921,Navy,0,13,10/15/1921 Princeton: 0 / Navy: 13,L,A
10/22/1921,Chicago,0,9,10/22/1921 Princeton: 0 / Chicago: 9,L,H
10/29/1921,UVA,34,0,10/29/1921 Princeton: 34 / UVA: 0,W,H
11/5/1921,Harvard,10,3,11/5/1921 Princeton: 10 / Harvard: 3,W,H
11/12/1921,Yale,7,13,11/12/1921 Princeton: 7 / Yale: 13,L,A
9/30/1922,Johns Hopkins,30,0,9/30/1922 Princeton: 30 / Johns Hopkins: 0,W,H
10/7/1922,UVA,5,0,10/7/1922 Princeton: 5 / UVA: 0,W,H
10/14/1922,Colgate,10,0,10/14/1922 Princeton: 10 / Colgate: 0,W,H
10/21/1922,Maryland,26,0,10/21/1922 Princeton: 26 / Maryland: 0,W,H
10/28/1922,Chicago,21,18,10/28/1922 Princeton: 21 / Chicago: 18,W,A
11/4/1922,Swarthmore,22,13,11/4/1922 Princeton: 22 / Swarthmore: 13,W,H
11/11/1922,Harvard,10,3,11/11/1922 Princeton: 10 / Harvard: 3,W,A
11/18/1922,Yale,3,0,11/18/1922 Princeton: 3 / Yale: 0,W,H
10/6/1923,Johns Hopkins,16,7,10/6/1923 Princeton: 16 / Johns Hopkins: 7,W,H
10/13/1923,Georgetown,7,0,10/13/1923 Princeton: 7 / Georgetown: 0,W,H
10/20/1923,Notre Dame,2,25,10/20/1923 Princeton: 2 / Notre Dame: 25,L,H
10/27/1923,Navy,3,3,10/27/1923 Princeton: 3 / Navy: 3,T,N
11/3/1923,Swarthmore,35,6,11/3/1923 Princeton: 35 / Swarthmore: 6,W,H
11/10/1923,Harvard,0,5,11/10/1923 Princeton: 0 / Harvard: 5,L,H
11/17/1923,Yale,0,27,11/17/1923 Princeton: 0 / Yale: 27,L,A
10/4/1924,Amherst,40,6,10/4/1924 Princeton: 40 / Amherst: 6,W,H
10/11/1924,Lehigh,0,0,10/11/1924 Princeton: 0 / Lehigh: 0,T,H
10/18/1924,Navy,17,14,10/18/1924 Princeton: 17 / Navy: 14,W,H
10/25/1924,Notre Dame,0,12,10/25/1924 Princeton: 0 / Notre Dame: 12,L,H
11/1/1924,Swarthmore,21,6,11/1/1924 Princeton: 21 / Swarthmore: 6,W,H
11/8/1924,Harvard,34,0,11/8/1924 Princeton: 34 / Harvard: 0,W,A
11/15/1924,Yale,0,10,11/15/1924 Princeton: 0 / Yale: 10,L,H
10/3/1925,Amherst,20,0,10/3/1925 Princeton: 20 / Amherst: 0,W,H
10/10/1925,Washington and Lee,15,6,10/10/1925 Princeton: 15 / Washington and Lee: 6,W,H
10/17/1925,Navy,10,10,10/17/1925 Princeton: 10 / Navy: 10,T,A
10/24/1925,Colgate,0,9,10/24/1925 Princeton: 0 / Colgate: 9,L,H
10/31/1925,Swarthmore,19,7,10/31/1925 Princeton: 19 / Swarthmore: 7,W,H
11/7/1925,Harvard,36,0,11/7/1925 Princeton: 36 / Harvard: 0,W,H
11/14/1925,Yale,25,12,11/14/1925 Princeton: 25 / Yale: 12,W,A
10/2/1926,Amherst,14,7,10/2/1926 Princeton: 14 / Amherst: 7,W,H
10/9/1926,Washington and Lee,7,7,10/9/1926 Princeton: 7 / Washington and Lee: 7,T,H
10/16/1926,Navy,13,27,10/16/1926 Princeton: 13 / Navy: 27,L,H
10/23/1926,Lehigh,7,6,10/23/1926 Princeton: 7 / Lehigh: 6,W,H
10/30/1926,Swarthmore,27,0,10/30/1926 Princeton: 27 / Swarthmore: 0,W,H
11/6/1926,Harvard,12,0,11/6/1926 Princeton: 12 / Harvard: 0,W,A
11/13/1926,Yale,10,7,11/13/1926 Princeton: 10 / Yale: 7,W,H
10/1/1927,Amherst,14,0,10/1/1927 Princeton: 14 / Amherst: 0,W,H
10/8/1927,Lehigh,42,0,10/8/1927 Princeton: 42 / Lehigh: 0,W,H
10/15/1927,Washington and Lee,13,0,10/15/1927 Princeton: 13 / Washington and Lee: 0,W,H
10/22/1927,Cornell,21,10,10/22/1927 Princeton: 21 / Cornell: 10,W,A
10/29/1927,William & Mary,35,7,10/29/1927 Princeton: 35 / William & Mary: 7,W,H
11/5/1927,Ohio State,20,7,11/5/1927 Princeton: 20 / Ohio State: 7,W,H
11/12/1927,Yale,6,14,11/12/1927 Princeton: 6 / Yale: 14,L,A
10/6/1928,Vermont,50,0,10/6/1928 Princeton: 50 / Vermont: 0,W,H
10/13/1928,UVA,0,0,10/13/1928 Princeton: 0 / UVA: 0,T,H
10/20/1928,Lehigh,47,0,10/20/1928 Princeton: 47 / Lehigh: 0,W,H
10/27/1928,Cornell,3,0,10/27/1928 Princeton: 3 / Cornell: 0,W,H
11/3/1928,Ohio State,6,6,11/3/1928 Princeton: 6 / Ohio State: 6,T,A
11/10/1928,Washington and Lee,25,12,11/10/1928 Princeton: 25 / Washington and Lee: 12,W,H
11/17/1928,Yale,12,2,11/17/1928 Princeton: 12 / Yale: 2,W,H
11/24/1928,Navy,0,9,11/24/1928 Princeton: 0 / Navy: 9,L,N
10/5/1929,Amherst,7,0,10/5/1929 Princeton: 7 / Amherst: 0,W,H
10/12/1929,Brown,12,13,10/12/1929 Princeton: 12 / Brown: 13,L,H
10/19/1929,Cornell,7,13,10/19/1929 Princeton: 7 / Cornell: 13,L,A
10/26/1929,Navy,13,13,10/26/1929 Princeton: 13 / Navy: 13,T,H
11/2/1929,Chicago,7,15,11/2/1929 Princeton: 7 / Chicago: 15,L,H
11/9/1929,Lehigh,20,0,11/9/1929 Princeton: 20 / Lehigh: 0,W,H
11/6/1929,Yale,0,13,11/6/1929 Princeton: 0 / Yale: 13,L,A
10/4/1930,Amherst,23,0,10/4/1930 Princeton: 23 / Amherst: 0,W,H
10/11/1930,Brown,0,7,10/11/1930 Princeton: 0 / Brown: 7,L,H
10/18/1930,Cornell,7,12,10/18/1930 Princeton: 7 / Cornell: 12,L,H
10/25/1930,Navy,0,31,10/25/1930 Princeton: 0 / Navy: 31,L,H
11/1/1930,Chicago,0,0,11/1/1930 Princeton: 0 / Chicago: 0,T,A
11/8/1930,Lehigh,9,13,11/8/1930 Princeton: 9 / Lehigh: 13,L,H
11/15/1930,Yale,7,10,11/15/1930 Princeton: 7 / Yale: 10,L,H
10/3/1931,Amherst,27,0,10/3/1931 Princeton: 27 / Amherst: 0,W,H
10/10/1931,Brown,7,19,10/10/1931 Princeton: 7 / Brown: 19,L,H
10/17/1931,Cornell,0,33,10/17/1931 Princeton: 0 / Cornell: 33,L,A
10/24/1931,Navy,0,15,10/24/1931 Princeton: 0 / Navy: 15,L,H
10/31/1931,Michigan,0,21,10/31/1931 Princeton: 0 / Michigan: 21,L,H
11/7/1931,Lehigh,7,19,11/7/1931 Princeton: 7 / Lehigh: 19,L,H
11/14/1931,Washington and Lee,0,6,11/14/1931 Princeton: 0 / Washington and Lee: 6,L,H
11/28/1931,Yale,14,51,11/28/1931 Princeton: 14 / Yale: 51,L,A
10/1/1932,Amherst,22,0,10/1/1932 Princeton: 22 / Amherst: 0,W,H
10/8/1932,Columbia,7,20,10/8/1932 Princeton: 7 / Columbia: 20,L,A
10/15/1932,Cornell,0,0,10/15/1932 Princeton: 0 / Cornell: 0,T,H
10/22/1932,Navy,0,0,10/22/1932 Princeton: 0 / Navy: 0,T,H
10/29/1932,Michigan,7,14,10/29/1932 Princeton: 7 / Michigan: 14,L,A
11/5/1932,Lehigh,53,0,11/5/1932 Princeton: 53 / Lehigh: 0,W,H
11/12/1932,Yale,7,7,11/12/1932 Princeton: 7 / Yale: 7,T,H
10/7/1933,Amherst,40,0,10/7/1933 Princeton: 40 / Amherst: 0,W,H
10/14/1933,Williams,45,0,10/14/1933 Princeton: 45 / Williams: 0,W,H
10/21/1933,Columbia,20,0,10/21/1933 Princeton: 20 / Columbia: 0,W,H
10/28/1933,Washington and Lee,6,0,10/28/1933 Princeton: 6 / Washington and Lee: 0,W,H
11/4/1933,Brown,33,0,11/4/1933 Princeton: 33 / Brown: 0,W,A
11/11/1933,Dartmouth,7,0,11/11/1933 Princeton: 7 / Dartmouth: 0,W,H
11/18/1933,Navy,13,0,11/18/1933 Princeton: 13 / Navy: 0,W,H
11/25/1933,Rutgers,26,6,11/25/1933 Princeton: 26 / Rutgers: 6,W,H
12/2/1933,Yale,27,2,12/2/1933 Princeton: 27 / Yale: 2,W,A
10/6/1934,Amherst,75,0,10/6/1934 Princeton: 75 / Amherst: 0,W,H
10/13/1934,Williams,35,6,10/13/1934 Princeton: 35 / Williams: 6,W,H
10/20/1934,Washington and Lee,14,12,10/20/1934 Princeton: 14 / Washington and Lee: 12,W,H
10/27/1934,Cornell,45,0,10/27/1934 Princeton: 45 / Cornell: 0,W,H
11/3/1934,Harvard,19,0,11/3/1934 Princeton: 19 / Harvard: 0,W,A
11/10/1934,Lehigh,54,0,11/10/1934 Princeton: 54 / Lehigh: 0,W,H
11/17/1934,Yale,0,7,11/17/1934 Princeton: 0 / Yale: 7,L,H
11/24/1934,Dartmouth,38,13,11/24/1934 Princeton: 38 / Dartmouth: 13,W,H
10/5/1935,Penn,7,6,10/5/1935 Princeton: 7 / Penn: 6,W,H
10/12/1935,Williams,14,7,10/12/1935 Princeton: 14 / Williams: 7,W,H
10/19/1935,Rutgers,29,6,10/19/1935 Princeton: 29 / Rutgers: 6,W,H
10/26/1935,Cornell,54,0,10/26/1935 Princeton: 54 / Cornell: 0,W,A
11/2/1935,Navy,26,0,11/2/1935 Princeton: 26 / Navy: 0,W,H
11/9/1935,Harvard,35,0,11/9/1935 Princeton: 35 / Harvard: 0,W,H
11/16/1935,Lehigh,27,0,11/16/1935 Princeton: 27 / Lehigh: 0,W,H
11/23/1935,Dartmouth,26,6,11/23/1935 Princeton: 26 / Dartmouth: 6,W,H
11/30/1935,Yale,38,7,11/30/1935 Princeton: 38 / Yale: 7,W,A
10/3/1936,Williams,27,7,10/3/1936 Princeton: 27 / Williams: 7,W,H
10/10/1936,Rutgers,20,0,10/10/1936 Princeton: 20 / Rutgers: 0,W,H
10/17/1936,Penn,0,7,10/17/1936 Princeton: 0 / Penn: 7,L,A
10/24/1936,Navy,7,0,10/24/1936 Princeton: 7 / Navy: 0,W,H
10/31/1936,Harvard,14,14,10/31/1936 Princeton: 14 / Harvard: 14,T,A
11/7/1936,Cornell,41,13,11/7/1936 Princeton: 41 / Cornell: 13,W,H
11/14/1936,Yale,23,26,11/14/1936 Princeton: 23 / Yale: 26,L,H
11/21/1936,Dartmouth,13,13,11/21/1936 Princeton: 13 / Dartmouth: 13,T,H
10/2/1937,UVA,26,0,10/2/1937 Princeton: 26 / UVA: 0,W,H
10/9/1937,Cornell,7,20,10/9/1937 Princeton: 7 / Cornell: 20,L,H
10/16/1937,Chicago,16,7,10/16/1937 Princeton: 16 / Chicago: 7,W,A
10/23/1937,Rutgers,6,0,10/23/1937 Princeton: 6 / Rutgers: 0,W,H
10/30/1937,Harvard,6,34,10/30/1937 Princeton: 6 / Harvard: 34,L,H
11/6/1937,Dartmouth,9,33,11/6/1937 Princeton: 9 / Dartmouth: 33,L,H
11/13/1937,Yale,0,26,11/13/1937 Princeton: 0 / Yale: 26,L,A
11/20/1937,Navy,26,6,11/20/1937 Princeton: 26 / Navy: 6,W,H
10/1/1938,Williams,39,0,10/1/1938 Princeton: 39 / Williams: 0,W,H
10/8/1938,Dartmouth,0,22,10/8/1938 Princeton: 0 / Dartmouth: 22,L,H
10/15/1938,Penn,13,0,10/15/1938 Princeton: 13 / Penn: 0,W,H
10/22/1938,Navy,13,13,10/22/1938 Princeton: 13 / Navy: 13,T,A
10/29/1938,Harvard,7,26,10/29/1938 Princeton: 7 / Harvard: 26,L,A
11/5/1938,Rutgers,18,20,11/5/1938 Princeton: 18 / Rutgers: 20,L,A
11/12/1938,Yale,20,7,11/12/1938 Princeton: 20 / Yale: 7,W,H
11/19/1938,Army,7,19,11/19/1938 Princeton: 7 / Army: 19,L,H
10/7/1939,Williams,26,6,10/7/1939 Princeton: 26 / Williams: 6,W,H
10/14/1939,Cornell,7,20,10/14/1939 Princeton: 7 / Cornell: 20,L,H
10/21/1939,Columbia,14,7,10/21/1939 Princeton: 14 / Columbia: 7,W,A
10/28/1939,Brown,26,12,10/28/1939 Princeton: 26 / Brown: 12,W,H
11/4/1939,Harvard,9,6,11/4/1939 Princeton: 9 / Harvard: 6,W,H
11/11/1939,Dartmouth,9,7,11/11/1939 Princeton: 9 / Dartmouth: 7,W,H
11/18/1939,Yale,20,7,11/18/1939 Princeton: 20 / Yale: 7,W,A
11/25/1939,Navy,28,0,11/25/1939 Princeton: 28 / Navy: 0,W,H
10/5/1940,Vanderbilt,7,6,10/5/1940 Princeton: 7 / Vanderbilt: 6,W,H
10/12/1940,Navy,6,12,10/12/1940 Princeton: 6 / Navy: 12,L,H
10/19/1940,Penn,28,46,10/19/1940 Princeton: 28 / Penn: 46,L,A
10/26/1940,Rutgers,28,13,10/26/1940 Princeton: 28 / Rutgers: 13,W,H
11/2/1940,Harvard,0,0,11/2/1940 Princeton: 0 / Harvard: 0,T,A
11/9/1940,Dartmouth,14,9,11/9/1940 Princeton: 14 / Dartmouth: 9,W,H
11/16/1940,Yale,10,7,11/16/1940 Princeton: 10 / Yale: 7,W,H
11/23/1940,Army,26,19,11/23/1940 Princeton: 26 / Army: 19,W,H
10/4/1941,Williams,20,7,10/4/1941 Princeton: 20 / Williams: 7,W,H
10/11/1941,Columbia,0,21,10/11/1941 Princeton: 0 / Columbia: 21,L,H
10/18/1941,Penn,0,23,10/18/1941 Princeton: 0 / Penn: 23,L,H
10/25/1941,Vanderbilt,7,46,10/25/1941 Princeton: 7 / Vanderbilt: 46,L,A
11/1/1941,Harvard,4,6,11/1/1941 Princeton: 4 / Harvard: 6,L,H
11/8/1941,Dartmouth,13,20,11/8/1941 Princeton: 13 / Dartmouth: 20,L,H
11/15/1941,Yale,20,6,11/15/1941 Princeton: 20 / Yale: 6,W,A
11/22/1941,Navy,0,23,11/22/1941 Princeton: 0 / Navy: 23,L,H
9/26/1942,Lakehurst,20,6,9/26/1942 Princeton: 20 / Lakehurst: 6,W,H
10/3/1942,Williams,7,19,10/3/1942 Princeton: 7 / Williams: 19,L,H
10/10/1942,Navy,10,0,10/10/1942 Princeton: 10 / Navy: 0,W,N
10/17/1942,Penn,6,6,10/17/1942 Princeton: 6 / Penn: 6,T,A
10/24/1942,Brown,32,13,10/24/1942 Princeton: 32 / Brown: 13,W,H
10/31/1942,Harvard,14,19,10/31/1942 Princeton: 14 / Harvard: 19,L,A
11/7/1942,Dartmouth,7,19,11/7/1942 Princeton: 7 / Dartmouth: 19,L,H
11/14/1942,Yale,6,13,11/14/1942 Princeton: 6 / Yale: 13,L,N
11/21/1942,Army,7,40,11/21/1942 Princeton: 7 / Army: 40,L,N
9/25/1943,Penn,9,47,9/25/1943 Princeton: 9 / Penn: 47,L,A
10/2/1943,Columbia,26,7,10/2/1943 Princeton: 26 / Columbia: 7,W,A
10/9/1943,Cornell,0,30,10/9/1943 Princeton: 0 / Cornell: 30,L,H
10/30/1943,Brown,20,28,10/30/1943 Princeton: 20 / Brown: 28,L,H
11/7/1943,Villanova,22,45,11/7/1943 Princeton: 22 / Villanova: 45,L,H
11/13/1943,Yale,6,27,11/13/1943 Princeton: 6 / Yale: 27,L,A
11/20/1943,Dartmouth,13,42,11/20/1943 Princeton: 13 / Dartmouth: 42,L,H
11/11/1944,Muhlenberg,16,6,11/11/1944 Princeton: 16 / Muhlenberg: 6,,H
11/18/1944,Swarthmore,0,3,11/18/1944 Princeton: 0 / Swarthmore: 3,,H
11/25/1944,Altantic City NAS,6,31,11/25/1944 Princeton: 6 / Altantic City NAS: 31,,H
10/6/1945,Lafayette,7,7,10/6/1945 Princeton: 7 / Lafayette: 7,T,H
10/13/1945,Cornell,14,6,10/13/1945 Princeton: 14 / Cornell: 6,W,A
10/27/1945,Rutgers,14,6,10/27/1945 Princeton: 14 / Rutgers: 6,W,H
11/3/1945,Penn,0,28,11/3/1945 Princeton: 0 / Penn: 28,L,A
11/10/1945,Dartmouth,13,13,11/10/1945 Princeton: 13 / Dartmouth: 13,T,H
11/17/1945,Columbia,7,32,11/17/1945 Princeton: 7 / Columbia: 32,L,H
11/24/1945,Yale,14,20,11/24/1945 Princeton: 14 / Yale: 20,L,H
10/5/1946,Brown,33,12,10/5/1946 Princeton: 33 / Brown: 12,W,H
10/12/1946,Harvard,12,13,10/12/1946 Princeton: 12 / Harvard: 13,L,H
10/19/1946,Rutgers,14,7,10/19/1946 Princeton: 14 / Rutgers: 7,W,H
10/26/1946,Cornell,7,14,10/26/1946 Princeton: 7 / Cornell: 14,L,H
11/2/1946,Penn,17,14,11/2/1946 Princeton: 17 / Penn: 14,W,A
11/9/1946,UVA,6,20,11/9/1946 Princeton: 6 / UVA: 20,L,H
11/16/1946,Yale,2,30,11/16/1946 Princeton: 2 / Yale: 30,L,A
11/23/1946,Dartmouth,13,20,11/23/1946 Princeton: 13 / Dartmouth: 20,L,H
10/4/1947,Brown,21,7,10/4/1947 Princeton: 21 / Brown: 7,W,H
10/11/1947,Rutgers,7,13,10/11/1947 Princeton: 7 / Rutgers: 13,L,A
10/18/1947,Colgate,20,7,10/18/1947 Princeton: 20 / Colgate: 7,W,H
10/25/1947,Cornell,21,28,10/25/1947 Princeton: 21 / Cornell: 28,L,H
11/1/1947,Penn,7,26,11/1/1947 Princeton: 7 / Penn: 26,L,A
11/8/1947,Harvard,33,7,11/8/1947 Princeton: 33 / Harvard: 7,W,A
11/15/1947,Yale,17,0,11/15/1947 Princeton: 17 / Yale: 0,W,H
11/22/1947,Dartmouth,14,12,11/22/1947 Princeton: 14 / Dartmouth: 12,W,H
10/2/1948,Brown,20,23,10/2/1948 Princeton: 20 / Brown: 23,L,H
10/9/1948,Penn,7,29,10/9/1948 Princeton: 7 / Penn: 29,L,A
10/16/1948,Rutgers,6,22,10/16/1948 Princeton: 6 / Rutgers: 22,L,H
10/23/1948,Columbia,16,14,10/23/1948 Princeton: 16 / Columbia: 14,W,A
10/30/1948,UVA,55,14,10/30/1948 Princeton: 55 / UVA: 14,W,H
11/6/1948,Harvard,47,7,11/6/1948 Princeton: 47 / Harvard: 7,W,H
11/13/1948,Yale,20,14,11/13/1948 Princeton: 20 / Yale: 14,W,A
11/20/1948,Dartmouth,13,33,11/20/1948 Princeton: 13 / Dartmouth: 33,L,H
9/24/1949,Lafayette,26,14,9/24/1949 Princeton: 26 / Lafayette: 14,W,H
10/1/1949,Navy,7,28,10/1/1949 Princeton: 7 / Navy: 28,L,N
10/8/1949,Penn,13,14,10/8/1949 Princeton: 13 / Penn: 14,L,H
10/15/1949,Brown,27,14,10/15/1949 Princeton: 27 / Brown: 14,W,H
10/22/1949,Cornell,12,14,10/22/1949 Princeton: 12 / Cornell: 14,L,A
10/29/1949,Rutgers,34,14,10/29/1949 Princeton: 34 / Rutgers: 14,W,H
11/5/1949,Harvard,33,13,11/5/1949 Princeton: 33 / Harvard: 13,W,A
11/12/1949,Yale,21,13,11/12/1949 Princeton: 21 / Yale: 13,W,H
11/19/1949,Dartmouth,19,13,11/19/1949 Princeton: 19 / Dartmouth: 13,W,H
9/30/1950,Williams,66,0,9/30/1950 Princeton: 66 / Williams: 0,W,H
10/7/1950,Rutgers,34,28,10/7/1950 Princeton: 34 / Rutgers: 28,W,H
10/14/1950,Navy,20,14,10/14/1950 Princeton: 20 / Navy: 14,W,H
10/21/1950,Brown,34,0,10/21/1950 Princeton: 34 / Brown: 0,W,A
10/28/1950,Cornell,27,0,10/28/1950 Princeton: 27 / Cornell: 0,W,H
11/4/1950,Colgate,45,7,11/4/1950 Princeton: 45 / Colgate: 7,W,H
11/11/1950,Harvard,63,26,11/11/1950 Princeton: 63 / Harvard: 26,W,H
11/18/1950,Yale,47,12,11/18/1950 Princeton: 47 / Yale: 12,W,A
11/25/1950,Dartmouth,13,7,11/25/1950 Princeton: 13 / Dartmouth: 7,W,H
9/29/1951,NYU,54,20,9/29/1951 Princeton: 54 / NYU: 20,W,H
10/6/1951,Navy,24,20,10/6/1951 Princeton: 24 / Navy: 20,W,A
10/13/1951,Penn,13,7,10/13/1951 Princeton: 13 / Penn: 7,W,A
10/20/1951,Lafayette,60,7,10/20/1951 Princeton: 60 / Lafayette: 7,W,H
10/27/1951,Cornell,53,15,10/27/1951 Princeton: 53 / Cornell: 15,W,H
11/3/1951,Brown,12,0,11/3/1951 Princeton: 12 / Brown: 0,W,H
11/10/1951,Harvard,54,13,11/10/1951 Princeton: 54 / Harvard: 13,W,A
11/17/1951,Yale,27,0,11/17/1951 Princeton: 27 / Yale: 0,W,H
11/24/1951,Dartmouth,13,0,11/24/1951 Princeton: 13 / Dartmouth: 0,W,H
9/27/1952,Columbia,14,0,9/27/1952 Princeton: 14 / Columbia: 0,W,A
10/4/1952,Rutgers,61,19,10/4/1952 Princeton: 61 / Rutgers: 19,W,H
10/11/1952,Penn,7,13,10/11/1952 Princeton: 7 / Penn: 13,L,H
10/18/1952,Lafayette,48,0,10/18/1952 Princeton: 48 / Lafayette: 0,W,H
10/25/1952,Cornell,27,0,10/25/1952 Princeton: 27 / Cornell: 0,W,A
11/1/1952,Brown,39,0,11/1/1952 Princeton: 39 / Brown: 0,W,H
11/8/1952,Harvard,41,21,11/8/1952 Princeton: 41 / Harvard: 21,W,H
11/15/1952,Yale,27,21,11/15/1952 Princeton: 27 / Yale: 21,W,A
11/22/1952,Dartmouth,33,0,11/22/1952 Princeton: 33 / Dartmouth: 0,W,H
9/26/1953,Lafayette,20,14,9/26/1953 Princeton: 20 / Lafayette: 14,W,H
10/3/1953,Columbia,20,19,10/3/1953 Princeton: 20 / Columbia: 19,W,H
10/10/1953,Rutgers,9,7,10/10/1953 Princeton: 9 / Rutgers: 7,W,H
10/17/1953,Navy,7,65,10/17/1953 Princeton: 7 / Navy: 65,L,H
10/24/1953,Cornell,19,26,10/24/1953 Princeton: 19 / Cornell: 26,L,H
10/31/1953,Brown,27,13,10/31/1953 Princeton: 27 / Brown: 13,W,H
11/7/1953,Harvard,6,0,11/7/1953 Princeton: 6 / Harvard: 0,W,A
11/14/1953,Yale,24,26,11/14/1953 Princeton: 24 / Yale: 26,L,H
11/21/1953,Dartmouth,12,34,11/21/1953 Princeton: 12 / Dartmouth: 34,L,H
9/25/1954,Rutgers,10,8,9/25/1954 Princeton: 10 / Rutgers: 8,W,H
10/2/1954,Columbia,54,20,10/2/1954 Princeton: 54 / Columbia: 20,W,A
10/9/1954,Penn,13,7,10/9/1954 Princeton: 13 / Penn: 7,W,H
10/16/1954,Brown,20,21,10/16/1954 Princeton: 20 / Brown: 21,L,A
10/23/1954,Cornell,0,27,10/23/1954 Princeton: 0 / Cornell: 27,L,H
10/30/1954,Colgate,6,6,10/30/1954 Princeton: 6 / Colgate: 6,T,H
11/6/1954,Harvard,9,14,11/6/1954 Princeton: 9 / Harvard: 14,L,H
11/13/1954,Yale,21,14,11/13/1954 Princeton: 21 / Yale: 14,W,A
11/20/1954,Dartmouth,49,7,11/20/1954 Princeton: 49 / Dartmouth: 7,W,H
9/24/1955,Rutgers,41,7,9/24/1955 Princeton: 41 / Rutgers: 7,W,H
10/1/1955,Columbia,20,7,10/1/1955 Princeton: 20 / Columbia: 7,W,H
10/8/1955,Penn,7,0,10/8/1955 Princeton: 7 / Penn: 0,W,A
10/15/1955,Colgate,6,15,10/15/1955 Princeton: 6 / Colgate: 15,L,H
10/22/1955,Cornell,26,20,10/22/1955 Princeton: 26 / Cornell: 20,W,H
10/29/1955,Brown,14,7,10/29/1955 Princeton: 14 / Brown: 7,W,H
11/5/1955,Harvard,6,7,11/5/1955 Princeton: 6 / Harvard: 7,L,A
11/12/1955,Yale,13,0,11/12/1955 Princeton: 13 / Yale: 0,W,H
11/19/1955,Dartmouth,6,3,11/19/1955 Princeton: 6 / Dartmouth: 3,W,H
9/29/1956,Rutgers,28,6,9/29/1956 Princeton: 28 / Rutgers: 6,W,H
10/6/1956,Columbia,39,0,10/6/1956 Princeton: 39 / Columbia: 0,W,H
10/13/1956,Penn,34,0,10/13/1956 Princeton: 34 / Penn: 0,W,A
10/20/1956,Colgate,28,20,10/20/1956 Princeton: 28 / Colgate: 20,W,H
10/27/1956,Cornell,32,21,10/27/1956 Princeton: 32 / Cornell: 21,W,A
11/3/1956,Brown,21,7,11/3/1956 Princeton: 21 / Brown: 7,W,H
11/10/1956,Harvard,35,20,11/10/1956 Princeton: 35 / Harvard: 20,W,H
11/17/1956,Yale,20,42,11/17/1956 Princeton: 20 / Yale: 42,L,A
11/24/1956,Dartmouth,0,19,11/24/1956 Princeton: 0 / Dartmouth: 19,L,H
9/28/1957,Rutgers,7,0,9/28/1957 Princeton: 7 / Rutgers: 0,W,H
10/5/1957,Columbia,47,6,10/5/1957 Princeton: 47 / Columbia: 6,W,A
10/12/1957,Penn,13,9,10/12/1957 Princeton: 13 / Penn: 9,W,H
10/19/1957,Colgate,10,12,10/19/1957 Princeton: 10 / Colgate: 12,L,H
10/26/1957,Cornell,47,14,10/26/1957 Princeton: 47 / Cornell: 14,W,H
11/2/1957,Brown,7,0,11/2/1957 Princeton: 7 / Brown: 0,W,A
11/9/1957,Harvard,28,20,11/9/1957 Princeton: 28 / Harvard: 20,W,A
11/16/1957,Yale,13,20,11/16/1957 Princeton: 13 / Yale: 20,L,H
11/23/1957,Dartmouth,34,14,11/23/1957 Princeton: 34 / Dartmouth: 14,W,H
9/27/1958,Rutgers,0,28,9/27/1958 Princeton: 0 / Rutgers: 28,L,H
10/4/1958,Columbia,43,8,10/4/1958 Princeton: 43 / Columbia: 8,W,H
10/11/1958,Penn,20,14,10/11/1958 Princeton: 20 / Penn: 14,W,A
10/18/1958,Colgate,40,13,10/18/1958 Princeton: 40 / Colgate: 13,W,H
10/25/1958,Cornell,8,34,10/25/1958 Princeton: 8 / Cornell: 34,L,A
11/1/1958,Brown,28,18,11/1/1958 Princeton: 28 / Brown: 18,W,H
11/8/1958,Harvard,16,14,11/8/1958 Princeton: 16 / Harvard: 14,W,H
11/15/1958,Yale,50,14,11/15/1958 Princeton: 50 / Yale: 14,W,A
11/22/1958,Dartmouth,12,21,11/22/1958 Princeton: 12 / Dartmouth: 21,L,H
9/26/1959,Rutgers,6,8,9/26/1959 Princeton: 6 / Rutgers: 8,L,H
10/3/1959,Columbia,22,0,10/3/1959 Princeton: 22 / Columbia: 0,W,A
10/10/1959,Penn,0,18,10/10/1959 Princeton: 0 / Penn: 18,L,H
10/17/1959,Colgate,42,7,10/17/1959 Princeton: 42 / Colgate: 7,W,H
10/24/1959,Cornell,20,0,10/24/1959 Princeton: 20 / Cornell: 0,W,H
10/31/1959,Brown,7,0,10/31/1959 Princeton: 7 / Brown: 0,W,H
11/7/1959,Harvard,0,14,11/7/1959 Princeton: 0 / Harvard: 14,L,A
11/14/1959,Yale,20,38,11/14/1959 Princeton: 20 / Yale: 38,L,H
11/21/1959,Dartmouth,7,12,11/21/1959 Princeton: 7 / Dartmouth: 12,L,H
9/24/1960,Rutgers,8,13,9/24/1960 Princeton: 8 / Rutgers: 13,L,H
10/1/1960,Columbia,49,0,10/1/1960 Princeton: 49 / Columbia: 0,W,H
10/8/1960,Penn,21,0,10/8/1960 Princeton: 21 / Penn: 0,W,A
10/15/1960,Colgate,36,26,10/15/1960 Princeton: 36 / Colgate: 26,W,H
10/22/1960,Cornell,21,18,10/22/1960 Princeton: 21 / Cornell: 18,W,A
10/29/1960,Brown,54,21,10/29/1960 Princeton: 54 / Brown: 21,W,H
11/5/1960,Harvard,14,12,11/5/1960 Princeton: 14 / Harvard: 12,W,H
11/12/1960,Yale,22,43,11/12/1960 Princeton: 22 / Yale: 43,L,A
11/19/1960,Dartmouth,7,0,11/19/1960 Princeton: 7 / Dartmouth: 0,W,H
9/30/1961,Rutgers,13,16,9/30/1961 Princeton: 13 / Rutgers: 16,L,H
10/7/1961,Columbia,30,20,10/7/1961 Princeton: 30 / Columbia: 20,W,A
10/14/1961,Penn,9,3,10/14/1961 Princeton: 9 / Penn: 3,W,H
10/21/1961,Colgate,0,15,10/21/1961 Princeton: 0 / Colgate: 15,L,H
10/28/1961,Cornell,30,25,10/28/1961 Princeton: 30 / Cornell: 25,W,H
11/4/1961,Brown,52,0,11/4/1961 Princeton: 52 / Brown: 0,W,A
11/11/1961,Harvard,7,9,11/11/1961 Princeton: 7 / Harvard: 9,L,A
11/18/1961,Yale,26,16,11/18/1961 Princeton: 26 / Yale: 16,W,H
11/25/1961,Dartmouth,6,24,11/25/1961 Princeton: 6 / Dartmouth: 24,L,H
9/29/1962,Rutgers,15,7,9/29/1962 Princeton: 15 / Rutgers: 7,W,H
10/6/1962,Columbia,33,0,10/6/1962 Princeton: 33 / Columbia: 0,W,H
10/13/1962,Penn,21,8,10/13/1962 Princeton: 21 / Penn: 8,W,A
10/20/1962,Colgate,15,16,10/20/1962 Princeton: 15 / Colgate: 16,L,H
10/27/1962,Cornell,34,35,10/27/1962 Princeton: 34 / Cornell: 35,L,A
11/3/1962,Brown,28,12,11/3/1962 Princeton: 28 / Brown: 12,W,H
11/10/1962,Harvard,0,20,11/10/1962 Princeton: 0 / Harvard: 20,L,H
11/17/1962,Yale,14,10,11/17/1962 Princeton: 14 / Yale: 10,W,A
11/24/1962,Dartmouth,27,38,11/24/1962 Princeton: 27 / Dartmouth: 38,L,H
9/28/1963,Rutgers,24,0,9/28/1963 Princeton: 24 / Rutgers: 0,W,H
10/5/1963,Columbia,7,6,10/5/1963 Princeton: 7 / Columbia: 6,W,A
10/12/1963,Penn,34,0,10/12/1963 Princeton: 34 / Penn: 0,W,H
10/19/1963,Colgate,42,0,10/19/1963 Princeton: 42 / Colgate: 0,W,H
10/26/1963,Cornell,51,14,10/26/1963 Princeton: 51 / Cornell: 14,W,H
11/2/1963,Brown,34,13,11/2/1963 Princeton: 34 / Brown: 13,W,H
11/9/1963,Harvard,7,21,11/9/1963 Princeton: 7 / Harvard: 21,L,A
11/16/1963,Yale,27,7,11/16/1963 Princeton: 27 / Yale: 7,W,H
11/30/1963,Dartmouth,21,22,11/30/1963 Princeton: 21 / Dartmouth: 22,L,H
9/26/1964,Rutgers,10,7,9/26/1964 Princeton: 10 / Rutgers: 7,W,H
10/3/1964,Columbia,23,13,10/3/1964 Princeton: 23 / Columbia: 13,W,H
10/10/1964,Dartmouth,37,7,10/10/1964 Princeton: 37 / Dartmouth: 7,W,A
10/17/1964,Colgate,9,0,10/17/1964 Princeton: 9 / Colgate: 0,W,H
10/24/1964,Penn,55,0,10/24/1964 Princeton: 55 / Penn: 0,W,A
10/31/1964,Brown,14,0,10/31/1964 Princeton: 14 / Brown: 0,W,A
11/7/1964,Harvard,16,0,11/7/1964 Princeton: 16 / Harvard: 0,W,H
11/14/1964,Yale,35,14,11/14/1964 Princeton: 35 / Yale: 14,W,A
11/21/1964,Cornell,17,12,11/21/1964 Princeton: 17 / Cornell: 12,W,H
9/25/1965,Rutgers,32,6,9/25/1965 Princeton: 32 / Rutgers: 6,W,H
10/2/1965,Columbia,31,0,10/2/1965 Princeton: 31 / Columbia: 0,W,A
10/9/1965,Cornell,36,27,10/9/1965 Princeton: 36 / Cornell: 27,W,A
10/16/1965,Colgate,27,0,10/16/1965 Princeton: 27 / Colgate: 0,W,H
10/23/1965,Penn,51,0,10/23/1965 Princeton: 51 / Penn: 0,W,H
10/30/1965,Brown,45,27,10/30/1965 Princeton: 45 / Brown: 27,W,H
11/6/1965,Harvard,14,6,11/6/1965 Princeton: 14 / Harvard: 6,W,A
11/13/1965,Yale,31,6,11/13/1965 Princeton: 31 / Yale: 6,W,H
11/20/1965,Dartmouth,14,28,11/20/1965 Princeton: 14 / Dartmouth: 28,L,H
9/24/1966,Rutgers,16,12,9/24/1966 Princeton: 16 / Rutgers: 12,W,H
10/1/1966,Columbia,14,12,10/1/1966 Princeton: 14 / Columbia: 12,W,H
10/8/1966,Dartmouth,13,31,10/8/1966 Princeton: 13 / Dartmouth: 31,L,A
10/15/1966,Colgate,0,7,10/15/1966 Princeton: 0 / Colgate: 7,L,H
10/22/1966,Penn,30,13,10/22/1966 Princeton: 30 / Penn: 13,W,A
10/29/1966,Brown,24,7,10/29/1966 Princeton: 24 / Brown: 7,W,A
11/5/1966,Harvard,18,14,11/5/1966 Princeton: 18 / Harvard: 14,W,H
11/12/1966,Yale,13,7,11/12/1966 Princeton: 13 / Yale: 7,W,A
11/19/1966,Cornell,7,0,11/19/1966 Princeton: 7 / Cornell: 0,W,H
9/30/1967,Rutgers,22,21,9/30/1967 Princeton: 22 / Rutgers: 21,W,H
10/7/1967,Columbia,28,14,10/7/1967 Princeton: 28 / Columbia: 14,W,A
10/14/1967,Cornell,13,47,10/14/1967 Princeton: 13 / Cornell: 47,L,A
10/21/1967,Colgate,28,0,10/21/1967 Princeton: 28 / Colgate: 0,W,H
10/28/1967,Penn,28,14,10/28/1967 Princeton: 28 / Penn: 14,W,H
11/4/1967,Brown,48,14,11/4/1967 Princeton: 48 / Brown: 14,W,H
11/11/1967,Harvard,45,6,11/11/1967 Princeton: 45 / Harvard: 6,W,A
11/18/1967,Yale,7,29,11/18/1967 Princeton: 7 / Yale: 29,L,H
11/25/1967,Dartmouth,14,17,11/25/1967 Princeton: 14 / Dartmouth: 17,L,H
9/28/1968,Rutgers,14,20,9/28/1968 Princeton: 14 / Rutgers: 20,L,H
10/5/1968,Columbia,44,16,10/5/1968 Princeton: 44 / Columbia: 16,W,H
10/12/1968,Dartmouth,34,7,10/12/1968 Princeton: 34 / Dartmouth: 7,W,A
10/19/1968,Colgate,7,14,10/19/1968 Princeton: 7 / Colgate: 14,L,H
10/26/1968,Penn,14,19,10/26/1968 Princeton: 14 / Penn: 19,L,A
11/2/1968,Brown,50,7,11/2/1968 Princeton: 50 / Brown: 7,W,A
11/9/1968,Harvard,7,9,11/9/1968 Princeton: 7 / Harvard: 9,L,H
11/16/1968,Yale,17,42,11/16/1968 Princeton: 17 / Yale: 42,L,A
11/23/1968,Cornell,41,13,11/23/1968 Princeton: 41 / Cornell: 13,W,H
9/27/1969,Rutgers,0,29,9/27/1969 Princeton: 0 / Rutgers: 29,L,A
10/4/1969,Columbia,21,7,10/4/1969 Princeton: 21 / Columbia: 7,W,A
10/11/1969,Cornell,24,17,10/11/1969 Princeton: 24 / Cornell: 17,W,A
10/18/1969,Colgate,28,35,10/18/1969 Princeton: 28 / Colgate: 35,L,H
10/25/1969,Penn,42,0,10/25/1969 Princeton: 42 / Penn: 0,W,H
11/1/1969,Brown,33,6,11/1/1969 Princeton: 33 / Brown: 6,W,H
11/8/1969,Harvard,51,20,11/8/1969 Princeton: 51 / Harvard: 20,W,A
11/15/1969,Yale,14,17,11/15/1969 Princeton: 14 / Yale: 17,L,H
11/22/1969,Dartmouth,35,7,11/22/1969 Princeton: 35 / Dartmouth: 7,W,H
9/26/1970,Rutgers,41,14,9/26/1970 Princeton: 41 / Rutgers: 14,W,H
10/3/1970,Columbia,24,22,10/3/1970 Princeton: 24 / Columbia: 22,W,H
10/10/1970,Dartmouth,0,38,10/10/1970 Princeton: 0 / Dartmouth: 38,L,A
10/17/1970,Colgate,34,14,10/17/1970 Princeton: 34 / Colgate: 14,W,H
10/24/1970,Penn,22,16,10/24/1970 Princeton: 22 / Penn: 16,W,A
10/31/1970,Brown,45,14,10/31/1970 Princeton: 45 / Brown: 14,W,A
11/7/1970,Harvard,7,29,11/7/1970 Princeton: 7 / Harvard: 29,L,H
11/14/1970,Yale,22,27,11/14/1970 Princeton: 22 / Yale: 27,L,A
11/21/1970,Cornell,3,6,11/21/1970 Princeton: 3 / Cornell: 6,L,H
9/25/1971,Rutgers,18,33,9/25/1971 Princeton: 18 / Rutgers: 33,L,H
10/2/1971,Columbia,20,22,10/2/1971 Princeton: 20 / Columbia: 22,L,A
10/9/1971,Cornell,8,19,10/9/1971 Princeton: 8 / Cornell: 19,L,A
10/16/1971,Colgate,35,12,10/16/1971 Princeton: 35 / Colgate: 12,W,H
10/23/1971,Penn,31,0,10/23/1971 Princeton: 31 / Penn: 0,W,H
10/30/1971,Brown,49,21,10/30/1971 Princeton: 49 / Brown: 21,W,H
11/6/1971,Harvard,21,10,11/6/1971 Princeton: 21 / Harvard: 10,W,A
11/13/1971,Yale,6,10,11/13/1971 Princeton: 6 / Yale: 10,L,H
11/20/1971,Dartmouth,7,33,11/20/1971 Princeton: 7 / Dartmouth: 33,L,H
9/30/1972,Rutgers,7,6,9/30/1972 Princeton: 7 / Rutgers: 6,W,H
10/7/1972,Columbia,0,0,10/7/1972 Princeton: 0 / Columbia: 0,T,H
10/14/1972,Dartmouth,14,35,10/14/1972 Princeton: 14 / Dartmouth: 35,L,A
10/21/1972,Colgate,26,35,10/21/1972 Princeton: 26 / Colgate: 35,L,H
10/28/1972,Penn,10,15,10/28/1972 Princeton: 10 / Penn: 15,L,A
11/4/1972,Brown,31,10,11/4/1972 Princeton: 31 / Brown: 10,W,A
11/11/1972,Harvard,10,7,11/11/1972 Princeton: 10 / Harvard: 7,W,H
11/18/1972,Yale,7,31,11/18/1972 Princeton: 7 / Yale: 31,L,A
11/25/1972,Cornell,15,22,11/25/1972 Princeton: 15 / Cornell: 22,L,H
9/29/1973,Rutgers,14,39,9/29/1973 Princeton: 14 / Rutgers: 39,L,H
10/6/1973,Columbia,13,14,10/6/1973 Princeton: 13 / Columbia: 14,L,A
10/13/1973,Cornell,6,37,10/13/1973 Princeton: 6 / Cornell: 37,L,A
10/20/1973,Colgate,37,21,10/20/1973 Princeton: 37 / Colgate: 21,W,H
10/27/1973,Penn,0,24,10/27/1973 Princeton: 0 / Penn: 24,L,H
11/3/1973,Brown,6,7,11/3/1973 Princeton: 6 / Brown: 7,L,H
11/10/1973,Harvard,14,19,11/10/1973 Princeton: 14 / Harvard: 19,L,A
11/17/1973,Yale,13,30,11/17/1973 Princeton: 13 / Yale: 30,L,H
11/24/1973,Dartmouth,24,42,11/24/1973 Princeton: 24 / Dartmouth: 42,L,H
9/28/1974,Rutgers,6,6,9/28/1974 Princeton: 6 / Rutgers: 6,T,H
10/5/1974,Columbia,40,13,10/5/1974 Princeton: 40 / Columbia: 13,W,H
10/12/1974,Dartmouth,14,7,10/12/1974 Princeton: 14 / Dartmouth: 7,W,A
10/19/1974,Colgate,33,24,10/19/1974 Princeton: 33 / Colgate: 24,W,H
10/26/1974,Penn,18,20,10/26/1974 Princeton: 18 / Penn: 20,L,A
11/2/1974,Brown,13,17,11/2/1974 Princeton: 13 / Brown: 17,L,A
11/9/1974,Harvard,17,34,11/9/1974 Princeton: 17 / Harvard: 34,L,H
11/16/1974,Yale,6,19,11/16/1974 Princeton: 6 / Yale: 19,L,A
11/23/1974,Cornell,41,20,11/23/1974 Princeton: 41 / Cornell: 20,W,H
9/27/1975,Rutgers,10,7,9/27/1975 Princeton: 10 / Rutgers: 7,W,H
10/4/1975,Columbia,27,7,10/4/1975 Princeton: 27 / Columbia: 7,W,A
10/11/1975,Cornell,16,8,10/11/1975 Princeton: 16 / Cornell: 8,W,A
10/18/1975,Colgate,21,22,10/18/1975 Princeton: 21 / Colgate: 22,L,H
10/25/1975,Penn,20,24,10/25/1975 Princeton: 20 / Penn: 24,L,H
11/1/1975,Brown,16,24,11/1/1975 Princeton: 16 / Brown: 24,L,H
11/8/1975,Harvard,24,20,11/8/1975 Princeton: 24 / Harvard: 20,W,A
11/15/1975,Yale,13,24,11/15/1975 Princeton: 13 / Yale: 24,L,H
11/22/1975,Dartmouth,16,21,11/22/1975 Princeton: 16 / Dartmouth: 21,L,H
9/18/1976,Cornell,3,0,9/18/1976 Princeton: 3 / Cornell: 0,W,A
9/25/1976,Rutgers,0,17,9/25/1976 Princeton: 0 / Rutgers: 17,L,H
10/2/1976,Brown,7,13,10/2/1976 Princeton: 7 / Brown: 13,L,H
10/9/1976,Columbia,9,6,10/9/1976 Princeton: 9 / Columbia: 6,W,A
10/16/1976,Colgate,7,17,10/16/1976 Princeton: 7 / Colgate: 17,L,H
10/23/1976,Harvard,14,20,10/23/1976 Princeton: 14 / Harvard: 20,L,H
10/30/1976,Penn,9,10,10/30/1976 Princeton: 9 / Penn: 10,L,H
11/6/1976,Yale,7,39,11/6/1976 Princeton: 7 / Yale: 39,L,A
11/13/1976,Dartmouth,7,33,11/13/1976 Princeton: 7 / Dartmouth: 33,L,H
9/17/1977,Dartmouth,11,14,9/17/1977 Princeton: 11 / Dartmouth: 14,L,A
9/24/1977,Rutgers,6,10,9/24/1977 Princeton: 6 / Rutgers: 10,L,H
10/1/1977,Brown,7,10,10/1/1977 Princeton: 7 / Brown: 10,L,A
10/8/1977,Columbia,28,7,10/8/1977 Princeton: 28 / Columbia: 7,W,H
10/15/1977,Colgate,13,31,10/15/1977 Princeton: 13 / Colgate: 31,L,H
10/22/1977,Harvard,20,7,10/22/1977 Princeton: 20 / Harvard: 7,W,A
10/29/1977,Penn,10,21,10/29/1977 Princeton: 10 / Penn: 21,L,A
11/5/1977,Yale,8,44,11/5/1977 Princeton: 8 / Yale: 44,L,H
11/12/1977,Cornell,34,0,11/12/1977 Princeton: 34 / Cornell: 0,W,H
9/23/1978,Cornell,14,14,9/23/1978 Princeton: 14 / Cornell: 14,T,A
9/30/1978,Rutgers,0,24,9/30/1978 Princeton: 0 / Rutgers: 24,L,A
10/7/1978,Brown,16,44,10/7/1978 Princeton: 16 / Brown: 44,L,H
10/14/1978,Columbia,10,14,10/14/1978 Princeton: 10 / Columbia: 14,L,A
10/21/1978,Colgate,13,12,10/21/1978 Princeton: 13 / Colgate: 12,W,H
10/28/1978,Harvard,24,24,10/28/1978 Princeton: 24 / Harvard: 24,T,H
11/4/1978,Penn,21,0,11/4/1978 Princeton: 21 / Penn: 0,W,H
11/11/1978,Yale,7,23,11/11/1978 Princeton: 7 / Yale: 23,L,A
11/18/1978,Dartmouth,21,28,11/18/1978 Princeton: 21 / Dartmouth: 28,L,H
9/22/1979,Dartmouth,16,0,9/22/1979 Princeton: 16 / Dartmouth: 0,W,A
9/29/1979,Rutgers,14,38,9/29/1979 Princeton: 14 / Rutgers: 38,L,H
10/6/1979,Brown,12,31,10/6/1979 Princeton: 12 / Brown: 31,L,A
10/13/1979,Columbia,35,0,10/13/1979 Princeton: 35 / Columbia: 0,W,H
10/20/1979,Colgate,6,17,10/20/1979 Princeton: 6 / Colgate: 17,L,H
10/27/1979,Harvard,9,7,10/27/1979 Princeton: 9 / Harvard: 7,W,A
11/3/1979,Penn,38,10,11/3/1979 Princeton: 38 / Penn: 10,W,A
11/10/1979,Yale,10,35,11/10/1979 Princeton: 10 / Yale: 35,L,H
11/17/1979,Cornell,26,14,11/17/1979 Princeton: 26 / Cornell: 14,W,H
9/20/1980,Cornell,7,17,9/20/1980 Princeton: 7 / Cornell: 17,L,A
9/27/1980,Rutgers,13,44,9/27/1980 Princeton: 13 / Rutgers: 44,L,A
10/4/1980,Brown,11,28,10/4/1980 Princeton: 11 / Brown: 28,L,H
10/11/1980,Columbia,31,19,10/11/1980 Princeton: 31 / Columbia: 19,W,A
10/18/1980,Colgate,14,10,10/18/1980 Princeton: 14 / Colgate: 10,W,H
10/25/1980,Harvard,7,3,10/25/1980 Princeton: 7 / Harvard: 3,W,H
11/1/1980,Penn,28,21,11/1/1980 Princeton: 28 / Penn: 21,W,H
11/8/1980,Maine,24,7,11/8/1980 Princeton: 24 / Maine: 7,W,H
11/15/1980,Yale,13,25,11/15/1980 Princeton: 13 / Yale: 25,L,A
11/22/1980,Dartmouth,27,24,11/22/1980 Princeton: 27 / Dartmouth: 24,W,H
9/19/1981,Dartmouth,13,32,9/19/1981 Princeton: 13 / Dartmouth: 32,L,A
9/26/1981,Delaware,8,61,9/26/1981 Princeton: 8 / Delaware: 61,L,A
10/3/1981,Brown,20,17,10/3/1981 Princeton: 20 / Brown: 17,W,A
10/10/1981,Columbia,21,14,10/10/1981 Princeton: 21 / Columbia: 14,W,H
10/17/1981,Army,0,34,10/17/1981 Princeton: 0 / Army: 34,L,A
10/24/1981,Harvard,17,17,10/24/1981 Princeton: 17 / Harvard: 17,T,A
10/31/1981,Penn,38,30,10/31/1981 Princeton: 38 / Penn: 30,W,A
11/7/1981,Maine,44,55,11/7/1981 Princeton: 44 / Maine: 55,L,H
11/14/1981,Yale,35,31,11/14/1981 Princeton: 35 / Yale: 31,W,H
11/21/1981,Cornell,37,14,11/21/1981 Princeton: 37 / Cornell: 14,W,H
9/18/1982,Cornell,41,36,9/18/1982 Princeton: 41 / Cornell: 36,W,A
9/25/1982,Delaware,17,35,9/25/1982 Princeton: 17 / Delaware: 35,L,A
10/2/1982,Brown,28,23,10/2/1982 Princeton: 28 / Brown: 23,W,H
10/9/1982,Columbia,14,35,10/9/1982 Princeton: 14 / Columbia: 35,L,A
10/16/1982,Army,14,20,10/16/1982 Princeton: 14 / Army: 20,L,H
10/23/1982,Harvard,15,27,10/23/1982 Princeton: 15 / Harvard: 27,L,H
10/30/1982,Penn,17,14,10/30/1982 Princeton: 17 / Penn: 14,W,H
11/6/1982,Lafayette,37,47,11/6/1982 Princeton: 37 / Lafayette: 47,L,H
11/13/1982,Yale,19,37,11/13/1982 Princeton: 19 / Yale: 37,L,A
11/20/1982,Dartmouth,20,34,11/20/1982 Princeton: 20 / Dartmouth: 34,L,H
9/17/1983,Dartmouth,3,21,9/17/1983 Princeton: 3 / Dartmouth: 21,L,A
9/24/1983,Bucknell,46,28,9/24/1983 Princeton: 46 / Bucknell: 28,W,H
10/1/1983,Brown,27,16,10/1/1983 Princeton: 27 / Brown: 16,W,A
10/8/1983,Columbia,35,26,10/8/1983 Princeton: 35 / Columbia: 26,W,H
10/15/1983,Navy,29,37,10/15/1983 Princeton: 29 / Navy: 37,L,H
10/22/1983,Harvard,26,28,10/22/1983 Princeton: 26 / Harvard: 28,L,A
10/29/1983,Penn,27,28,10/29/1983 Princeton: 27 / Penn: 28,L,A
11/5/1983,Lafayette,41,33,11/5/1983 Princeton: 41 / Lafayette: 33,W,H
11/12/1983,Yale,21,28,11/12/1983 Princeton: 21 / Yale: 28,L,H
11/19/1983,Cornell,30,32,11/19/1983 Princeton: 30 / Cornell: 32,L,H
9/22/1984,Cornell,17,9,9/22/1984 Princeton: 17 / Cornell: 9,W,A
9/29/1984,Bucknell,20,14,9/29/1984 Princeton: 20 / Bucknell: 14,W,H
10/6/1984,Brown,30,32,10/6/1984 Princeton: 30 / Brown: 32,L,H
10/13/1984,Columbia,38,8,10/13/1984 Princeton: 38 / Columbia: 8,W,A
10/20/1984,Navy,3,41,10/20/1984 Princeton: 3 / Navy: 41,L,A
10/27/1984,Harvard,15,17,10/27/1984 Princeton: 15 / Harvard: 17,L,H
11/3/1984,Penn,17,27,11/3/1984 Princeton: 17 / Penn: 27,L,H
11/10/1984,Yale,24,27,11/10/1984 Princeton: 24 / Yale: 27,L,A
11/17/1984,Dartmouth,21,17,11/17/1984 Princeton: 21 / Dartmouth: 17,W,H
9/21/1985,Dartmouth,10,3,9/21/1985 Princeton: 10 / Dartmouth: 3,W,A
9/28/1985,Lehigh,13,34,9/28/1985 Princeton: 13 / Lehigh: 34,L,H
10/5/1985,Brown,0,17,10/5/1985 Princeton: 0 / Brown: 17,L,A
10/12/1985,Columbia,31,0,10/12/1985 Princeton: 31 / Columbia: 0,W,H
10/19/1985,Colgate,44,49,10/19/1985 Princeton: 44 / Colgate: 49,L,H
10/26/1985,Harvard,11,6,10/26/1985 Princeton: 11 / Harvard: 6,W,A
11/2/1985,Penn,21,31,11/2/1985 Princeton: 21 / Penn: 31,L,A
11/9/1985,William & Mary,28,33,11/9/1985 Princeton: 28 / William & Mary: 33,L,H
11/16/1985,Yale,21,12,11/16/1985 Princeton: 21 / Yale: 12,W,H
11/23/1985,Cornell,33,27,11/23/1985 Princeton: 33 / Cornell: 27,W,H
9/20/1986,Cornell,8,39,9/20/1986 Princeton: 8 / Cornell: 39,L,A
9/27/1986,Northwestern,0,37,9/27/1986 Princeton: 0 / Northwestern: 37,L,H
10/4/1986,Brown,10,24,10/4/1986 Princeton: 10 / Brown: 24,L,H
10/11/1986,Columbia,20,14,10/11/1986 Princeton: 20 / Columbia: 14,W,A
10/18/1986,Lehigh,28,48,10/18/1986 Princeton: 28 / Lehigh: 48,L,A
10/25/1986,Harvard,14,3,10/25/1986 Princeton: 14 / Harvard: 3,W,H
11/1/1986,Penn,10,23,11/1/1986 Princeton: 10 / Penn: 23,L,H
11/8/1986,William & Mary,14,32,11/8/1986 Princeton: 14 / William & Mary: 32,L,A
11/15/1986,Yale,13,14,11/15/1986 Princeton: 13 / Yale: 14,L,A
11/22/1986,Dartmouth,6,28,11/22/1986 Princeton: 6 / Dartmouth: 28,L,H
9/19/1987,Dartmouth,34,3,9/19/1987 Princeton: 34 / Dartmouth: 3,W,A
9/26/1987,Davidson,42,6,9/26/1987 Princeton: 42 / Davidson: 6,W,A
10/3/1987,Brown,7,13,10/3/1987 Princeton: 7 / Brown: 13,L,A
10/10/1987,Columbia,38,8,10/10/1987 Princeton: 38 / Columbia: 8,W,H
10/17/1987,Lehigh,16,15,10/17/1987 Princeton: 16 / Lehigh: 15,W,H
10/24/1987,Harvard,19,24,10/24/1987 Princeton: 19 / Harvard: 24,L,A
10/31/1987,Penn,17,7,10/31/1987 Princeton: 17 / Penn: 7,W,A
11/7/1987,Colgate,15,39,11/7/1987 Princeton: 15 / Colgate: 39,L,H
11/14/1987,Yale,19,34,11/14/1987 Princeton: 19 / Yale: 34,L,H
11/21/1987,Cornell,23,6,11/21/1987 Princeton: 23 / Cornell: 6,W,H
9/17/1988,Cornell,26,17,9/17/1988 Princeton: 26 / Cornell: 17,W,A
9/24/1988,Holy Cross,26,30,9/24/1988 Princeton: 26 / Holy Cross: 30,L,H
10/1/1988,Brown,31,27,10/1/1988 Princeton: 31 / Brown: 27,W,H
10/8/1988,Columbia,13,16,10/8/1988 Princeton: 13 / Columbia: 16,L,A
10/15/1988,Bucknell,41,35,10/15/1988 Princeton: 41 / Bucknell: 35,W,A
10/22/1988,Harvard,23,8,10/22/1988 Princeton: 23 / Harvard: 8,W,H
10/29/1988,Penn,23,31,10/29/1988 Princeton: 23 / Penn: 31,L,H
11/5/1988,Colgate,45,13,11/5/1988 Princeton: 45 / Colgate: 13,W,H
11/12/1988,Yale,24,7,11/12/1988 Princeton: 24 / Yale: 7,W,A
11/19/1988,Dartmouth,17,24,11/19/1988 Princeton: 17 / Dartmouth: 24,L,H
9/16/1989,Dartmouth,20,14,9/16/1989 Princeton: 20 / Dartmouth: 14,W,A
9/23/1989,William & Mary,31,31,9/23/1989 Princeton: 31 / William & Mary: 31,T,H
9/30/1989,Holy Cross,0,46,9/30/1989 Princeton: 0 / Holy Cross: 46,L,A
10/7/1989,Brown,38,15,10/7/1989 Princeton: 38 / Brown: 15,W,A
10/14/1989,Columbia,24,8,10/14/1989 Princeton: 24 / Columbia: 8,W,H
10/21/1989,Fordham,38,20,10/21/1989 Princeton: 38 / Fordham: 20,W,H
10/28/1989,Harvard,28,14,10/28/1989 Princeton: 28 / Harvard: 14,W,A
11/4/1989,Penn,30,8,11/4/1989 Princeton: 30 / Penn: 8,W,A
11/11/1989,Yale,7,14,11/11/1989 Princeton: 7 / Yale: 14,L,H
11/18/1989,Cornell,21,7,11/18/1989 Princeton: 21 / Cornell: 7,W,H
9/15/1990,Cornell,14,17,9/15/1990 Princeton: 14 / Cornell: 17,L,A
9/22/1990,Fordham,23,14,9/22/1990 Princeton: 23 / Fordham: 14,W,H
9/29/1990,Colgate,13,39,9/29/1990 Princeton: 13 / Colgate: 39,L,A
10/6/1990,Brown,27,23,10/6/1990 Princeton: 27 / Brown: 23,W,H
10/13/1990,Bucknell,9,14,10/13/1990 Princeton: 9 / Bucknell: 14,L,A
10/20/1990,Harvard,20,23,10/20/1990 Princeton: 20 / Harvard: 23,L,H
10/27/1990,Columbia,15,17,10/27/1990 Princeton: 15 / Columbia: 17,L,A
11/3/1990,Penn,34,20,11/3/1990 Princeton: 34 / Penn: 20,W,H
11/10/1990,Yale,7,34,11/10/1990 Princeton: 7 / Yale: 34,L,A
11/17/1990,Dartmouth,6,23,11/17/1990 Princeton: 6 / Dartmouth: 23,L,H
9/21/1991,Cornell,18,0,9/21/1991 Princeton: 18 / Cornell: 0,W,H
9/28/1991,Fordham,20,17,9/28/1991 Princeton: 20 / Fordham: 17,W,A
10/5/1991,Colgate,30,21,10/5/1991 Princeton: 30 / Colgate: 21,W,H
10/12/1991,Brown,59,37,10/12/1991 Princeton: 59 / Brown: 37,W,A
10/19/1991,Bucknell,31,7,10/19/1991 Princeton: 31 / Bucknell: 7,W,H
10/26/1991,Harvard,21,24,10/26/1991 Princeton: 21 / Harvard: 24,L,A
11/2/1991,Columbia,22,6,11/2/1991 Princeton: 22 / Columbia: 6,W,H
11/9/1991,Penn,17,12,11/9/1991 Princeton: 17 / Penn: 12,W,A
11/16/1991,Yale,22,16,11/16/1991 Princeton: 22 / Yale: 16,W,H
11/23/1991,Dartmouth,13,31,11/23/1991 Princeton: 13 / Dartmouth: 31,L,A
9/19/1992,Cornell,22,20,9/19/1992 Princeton: 22 / Cornell: 20,W,A
9/26/1992,Lafayette,38,35,9/26/1992 Princeton: 38 / Lafayette: 35,W,H
10/3/1992,Lehigh,38,28,10/3/1992 Princeton: 38 / Lehigh: 28,W,A
10/10/1992,Brown,28,14,10/10/1992 Princeton: 28 / Brown: 14,W,H
10/17/1992,Holy Cross,7,10,10/17/1992 Princeton: 7 / Holy Cross: 10,L,A
10/24/1992,Harvard,21,6,10/24/1992 Princeton: 21 / Harvard: 6,W,H
10/31/1992,Columbia,34,7,10/31/1992 Princeton: 34 / Columbia: 7,W,A
11/7/1992,Penn,20,14,11/7/1992 Princeton: 20 / Penn: 14,W,H
11/14/1992,Yale,36,7,11/14/1992 Princeton: 36 / Yale: 7,W,A
11/21/1992,Dartmouth,20,34,11/21/1992 Princeton: 20 / Dartmouth: 34,L,H
9/18/1993,Cornell,18,12,9/18/1993 Princeton: 18 / Cornell: 12,W,H
9/25/1993,Lafayette,21,7,9/25/1993 Princeton: 21 / Lafayette: 7,W,A
10/2/1993,Holy Cross,38,0,10/2/1993 Princeton: 38 / Holy Cross: 0,W,H
10/9/1993,Brown,34,16,10/9/1993 Princeton: 34 / Brown: 16,W,A
10/16/1993,Lehigh,31,23,10/16/1993 Princeton: 31 / Lehigh: 23,W,H
10/23/1993,Harvard,21,10,10/23/1993 Princeton: 21 / Harvard: 10,W,A
10/30/1993,Columbia,14,3,10/30/1993 Princeton: 14 / Columbia: 3,W,H
11/6/1993,Penn,14,30,11/6/1993 Princeton: 14 / Penn: 30,L,A
11/13/1993,Yale,28,7,11/13/1993 Princeton: 28 / Yale: 7,W,H
11/20/1993,Dartmouth,22,28,11/20/1993 Princeton: 22 / Dartmouth: 28,L,A
9/17/1994,Cornell,16,31,9/17/1994 Princeton: 16 / Cornell: 31,L,A
9/24/1994,Colgate,29,3,9/24/1994 Princeton: 29 / Colgate: 3,W,H
10/1/1994,Bucknell,12,7,10/1/1994 Princeton: 12 / Bucknell: 7,W,H
10/8/1994,Brown,31,10,10/8/1994 Princeton: 31 / Brown: 10,W,H
10/15/1994,Fordham,27,20,10/15/1994 Princeton: 27 / Fordham: 20,W,A
10/22/1994,Harvard,18,7,10/22/1994 Princeton: 18 / Harvard: 7,W,H
10/29/1994,Columbia,10,17,10/29/1994 Princeton: 10 / Columbia: 17,L,A
11/5/1994,Penn,19,33,11/5/1994 Princeton: 19 / Penn: 33,L,H
11/12/1994,Yale,19,6,11/12/1994 Princeton: 19 / Yale: 6,W,A
11/19/1994,Dartmouth,20,13,11/19/1994 Princeton: 20 / Dartmouth: 13,W,H
9/16/1995,Cornell,24,22,9/16/1995 Princeton: 24 / Cornell: 22,W,H
9/23/1995,Bucknell,20,3,9/23/1995 Princeton: 20 / Bucknell: 3,W,H
9/30/1995,Colgate,34,23,9/30/1995 Princeton: 34 / Colgate: 23,W,A
10/7/1995,Brown,21,19,10/7/1995 Princeton: 21 / Brown: 19,W,A
10/14/1995,Lafayette,41,0,10/14/1995 Princeton: 41 / Lafayette: 0,W,H
10/21/1995,Harvard,14,3,10/21/1995 Princeton: 14 / Harvard: 3,W,A
10/28/1995,Columbia,44,14,10/28/1995 Princeton: 44 / Columbia: 14,W,H
11/4/1995,Penn,22,9,11/4/1995 Princeton: 22 / Penn: 9,W,A
11/11/1995,Yale,13,21,11/11/1995 Princeton: 13 / Yale: 21,L,H
11/18/1995,Dartmouth,10,10,11/18/1995 Princeton: 10 / Dartmouth: 10,T,H
9/21/1996,Cornell,27,33,9/21/1996 Princeton: 27 / Cornell: 33,L,A
9/28/1996,Holy Cross,37,30,9/28/1996 Princeton: 37 / Holy Cross: 30,W,H
10/5/1996,Lehigh,14,20,10/5/1996 Princeton: 14 / Lehigh: 20,L,H
10/12/1996,Brown,23,27,10/12/1996 Princeton: 23 / Brown: 27,L,H
10/19/1996,Bucknell,6,10,10/19/1996 Princeton: 6 / Bucknell: 10,L,A
10/26/1996,Harvard,0,24,10/26/1996 Princeton: 0 / Harvard: 24,L,H
11/2/1996,Columbia,14,11,11/2/1996 Princeton: 14 / Columbia: 11,W,A
11/9/1996,Penn,6,10,11/9/1996 Princeton: 6 / Penn: 10,L,H
11/16/1996,Yale,17,13,11/16/1996 Princeton: 17 / Yale: 13,W,A
11/23/1996,Dartmouth,0,24,11/23/1996 Princeton: 0 / Dartmouth: 24,L,H
9/20/1997,Cornell,10,14,9/20/1997 Princeton: 10 / Cornell: 14,L,A
9/27/1997,Fordham,9,7,9/27/1997 Princeton: 9 / Fordham: 7,W,N
10/4/1997,Holy Cross,21,7,10/4/1997 Princeton: 21 / Holy Cross: 7,W,A
10/11/1997,Brown,30,13,10/11/1997 Princeton: 30 / Brown: 13,W,A
10/18/1997,Colgate,31,28,10/18/1997 Princeton: 31 / Colgate: 28,W,A
10/25/1997,Harvard,12,14,10/25/1997 Princeton: 12 / Harvard: 14,L,A
11/1/1997,Columbia,0,17,11/1/1997 Princeton: 0 / Columbia: 17,L,A
11/8/1997,Penn,17,20,11/8/1997 Princeton: 17 / Penn: 20,L,A
11/15/1997,Yale,9,0,11/15/1997 Princeton: 9 / Yale: 0,W,N
11/22/1997,Dartmouth,9,12,11/22/1997 Princeton: 9 / Dartmouth: 12,L,A
9/19/1998,Cornell,6,0,9/19/1998 Princeton: 6 / Cornell: 0,W,H
9/26/1998,Lehigh,24,31,9/26/1998 Princeton: 24 / Lehigh: 31,L,A
10/3/1998,Fordham,17,20,10/3/1998 Princeton: 17 / Fordham: 20,L,A
10/10/1998,Brown,31,17,10/10/1998 Princeton: 31 / Brown: 17,W,H
10/17/1998,Lafayette,20,0,10/17/1998 Princeton: 20 / Lafayette: 0,W,A
10/24/1998,Harvard,22,23,10/24/1998 Princeton: 22 / Harvard: 23,L,H
10/31/1998,Columbia,20,0,10/31/1998 Princeton: 20 / Columbia: 0,W,A
11/7/1998,Penn,14,27,11/7/1998 Princeton: 14 / Penn: 27,L,H
11/14/1998,Yale,28,31,11/14/1998 Princeton: 28 / Yale: 31,L,A
11/21/1998,Dartmouth,35,13,11/21/1998 Princeton: 35 / Dartmouth: 13,W,H
9/18/1999,Cornell,3,20,9/18/1999 Princeton: 3 / Cornell: 20,L,H
9/25/1999,Lehigh,0,31,9/25/1999 Princeton: 0 / Lehigh: 31,L,H
10/2/1999,Fordham,27,0,10/2/1999 Princeton: 27 / Fordham: 0,W,H
10/9/1999,Brown,30,53,10/9/1999 Princeton: 30 / Brown: 53,L,A
10/16/1999,Lafayette,22,10,10/16/1999 Princeton: 22 / Lafayette: 10,W,A
10/23/1999,Harvard,6,13,10/23/1999 Princeton: 6 / Harvard: 13,L,A
10/30/1999,Columbia,44,15,10/30/1999 Princeton: 44 / Columbia: 15,W,H
11/6/1999,Penn,13,41,11/6/1999 Princeton: 13 / Penn: 41,L,A
11/13/1999,Yale,21,23,11/13/1999 Princeton: 21 / Yale: 23,L,H
11/20/1999,Dartmouth,18,19,11/20/1999 Princeton: 18 / Dartmouth: 19,L,A
9/16/2000,Lafayette,17,24,9/16/2000 Princeton: 17 / Lafayette: 24,L,A
9/23/2000,Lehigh,18,20,9/23/2000 Princeton: 18 / Lehigh: 20,L,H
9/30/2000,Columbia,27,24,9/30/2000 Princeton: 27 / Columbia: 24,W,A
10/7/2000,Colgate,6,34,10/7/2000 Princeton: 6 / Colgate: 34,L,A
10/14/2000,Brown,55,28,10/14/2000 Princeton: 55 / Brown: 28,W,H
10/21/2000,Harvard,21,35,10/21/2000 Princeton: 21 / Harvard: 35,L,H
10/28/2000,Cornell,24,25,10/28/2000 Princeton: 24 / Cornell: 25,L,A
11/4/2000,Penn,24,40,11/4/2000 Princeton: 24 / Penn: 40,L,H
11/11/2000,Yale,19,14,11/11/2000 Princeton: 19 / Yale: 14,W,A
11/18/2000,Dartmouth,37,43,11/18/2000 Princeton: 37 / Dartmouth: 43,L,H
9/22/2001,Lehigh,10,34,9/22/2001 Princeton: 10 / Lehigh: 34,L,A
9/29/2001,Columbia,44,11,9/29/2001 Princeton: 44 / Columbia: 11,W,H
10/6/2001,Colgate,10,35,10/6/2001 Princeton: 10 / Colgate: 35,L,H
10/13/2001,Brown,24,35,10/13/2001 Princeton: 24 / Brown: 35,L,A
10/20/2001,Harvard,26,28,10/20/2001 Princeton: 26 / Harvard: 28,L,A
10/27/2001,Cornell,7,10,10/27/2001 Princeton: 7 / Cornell: 10,L,H
11/3/2001,Penn,10,21,11/3/2001 Princeton: 10 / Penn: 21,L,A
11/10/2001,Yale,34,14,11/10/2001 Princeton: 34 / Yale: 14,W,H
11/17/2001,Dartmouth,35,14,11/17/2001 Princeton: 35 / Dartmouth: 14,W,A
9/21/2002,Lehigh,24,31,9/21/2002 Princeton: 24 / Lehigh: 31,L,A
9/28/2002,Lafayette,34,19,9/28/2002 Princeton: 34 / Lafayette: 19,W,H
10/5/2002,Columbia,35,32,10/5/2002 Princeton: 35 / Columbia: 32,W,A
10/12/2002,Colgate,14,10,10/12/2002 Princeton: 14 / Colgate: 10,W,H
10/19/2002,Brown,16,14,10/19/2002 Princeton: 16 / Brown: 14,W,H
10/26/2002,Harvard,17,24,10/26/2002 Princeton: 17 / Harvard: 24,L,H
11/2/2002,Cornell,35,25,11/2/2002 Princeton: 35 / Cornell: 25,W,A
11/9/2002,Penn,13,44,11/9/2002 Princeton: 13 / Penn: 44,L,H
11/16/2002,Yale,3,7,11/16/2002 Princeton: 3 / Yale: 7,L,A
11/23/2002,Dartmouth,38,30,11/23/2002 Princeton: 38 / Dartmouth: 30,W,H
9/20/2003,Lehigh,13,28,9/20/2003 Princeton: 13 / Lehigh: 28,L,H
9/27/2003,Lafayette,13,28,9/27/2003 Princeton: 13 / Lafayette: 28,L,A
10/4/2003,Columbia,27,33,10/4/2003 Princeton: 27 / Columbia: 33,L,H
10/11/2003,Colgate,3,30,10/11/2003 Princeton: 3 / Colgate: 30,L,H
10/18/2003,Brown,34,14,10/18/2003 Princeton: 34 / Brown: 14,W,A
10/25/2003,Harvard,40,43,10/25/2003 Princeton: 40 / Harvard: 43,L,A
11/1/2003,Cornell,28,6,11/1/2003 Princeton: 28 / Cornell: 6,W,H
11/8/2003,Penn,7,37,11/8/2003 Princeton: 7 / Penn: 37,L,A
11/15/2003,Yale,24,27,11/15/2003 Princeton: 24 / Yale: 27,L,H
11/22/2003,Dartmouth,15,21,11/22/2003 Princeton: 15 / Dartmouth: 21,L,A
9/18/2004,Lafayette,35,18,9/18/2004 Princeton: 35 / Lafayette: 18,W,H
9/25/2004,San Diego,24,17,9/25/2004 Princeton: 24 / San Diego: 17,W,A
10/2/2004,Columbia,27,26,10/2/2004 Princeton: 27 / Columbia: 26,W,A
10/9/2004,Colgate,26,29,10/9/2004 Princeton: 26 / Colgate: 29,L,H
10/16/2004,Brown,24,10,10/16/2004 Princeton: 24 / Brown: 10,W,H
10/23/2004,Harvard,14,39,10/23/2004 Princeton: 14 / Harvard: 39,L,H
10/30/2004,Cornell,20,21,10/30/2004 Princeton: 20 / Cornell: 21,L,A
11/6/2004,Penn,15,16,11/6/2004 Princeton: 15 / Penn: 16,L,H
11/13/2004,Yale,9,21,11/13/2004 Princeton: 9 / Yale: 21,L,A
11/20/2004,Dartmouth,17,10,11/20/2004 Princeton: 17 / Dartmouth: 10,W,H
9/17/2005,Lafayette,23,21,9/17/2005 Princeton: 23 / Lafayette: 21,W,A
9/24/2005,San Diego,20,17,9/24/2005 Princeton: 20 / San Diego: 17,W,H
10/1/2005,Columbia,43,3,10/1/2005 Princeton: 43 / Columbia: 3,W,H
10/8/2005,Colgate,10,16,10/8/2005 Princeton: 10 / Colgate: 16,L,H
10/15/2005,Brown,28,31,10/15/2005 Princeton: 28 / Brown: 31,L,A
10/22/2005,Harvard,27,24,10/22/2005 Princeton: 27 / Harvard: 24,W,A
10/29/2005,Cornell,20,17,10/29/2005 Princeton: 20 / Cornell: 17,W,H
11/5/2005,Penn,30,13,11/5/2005 Princeton: 30 / Penn: 13,W,A
11/12/2005,Yale,14,21,11/12/2005 Princeton: 14 / Yale: 21,L,H
11/19/2005,Dartmouth,30,0,11/19/2005 Princeton: 30 / Dartmouth: 0,W,A
9/16/2006,Lehigh,14,10,9/16/2006 Princeton: 14 / Lehigh: 10,W,A
9/23/2006,Lafayette,26,14,9/23/2006 Princeton: 26 / Lafayette: 14,W,H
9/30/2006,Columbia,19,6,9/30/2006 Princeton: 19 / Columbia: 6,W,A
10/7/2006,Colgate,27,26,10/7/2006 Princeton: 27 / Colgate: 26,W,A
10/13/2006,Brown,17,3,10/13/2006 Princeton: 17 / Brown: 3,W,H
10/21/2006,Harvard,31,28,10/21/2006 Princeton: 31 / Harvard: 28,W,H
10/28/2006,Cornell,7,14,10/28/2006 Princeton: 7 / Cornell: 14,L,A
11/4/2006,Penn,31,30,11/4/2006 Princeton: 31 / Penn: 30,W,H
11/11/2006,Yale,34,31,11/11/2006 Princeton: 34 / Yale: 31,W,A
11/18/2006,Dartmouth,27,17,11/18/2006 Princeton: 27 / Dartmouth: 17,W,H
9/15/2007,Lehigh,21,32,9/15/2007 Princeton: 21 / Lehigh: 32,L,H
9/22/2007,Lafayette,20,14,9/22/2007 Princeton: 20 / Lafayette: 14,W,A
9/29/2007,Columbia,42,32,9/29/2007 Princeton: 42 / Columbia: 32,W,H
10/6/2007,Hampton,27,48,10/6/2007 Princeton: 27 / Hampton: 48,L,H
10/13/2007,Brown,24,33,10/13/2007 Princeton: 24 / Brown: 33,L,A
10/20/2007,Harvard,10,27,10/20/2007 Princeton: 10 / Harvard: 27,L,A
10/26/2007,Cornell,34,31,10/26/2007 Princeton: 34 / Cornell: 31,W,H
11/3/2007,Penn,0,7,11/3/2007 Princeton: 0 / Penn: 7,L,A
11/10/2007,Yale,6,27,11/10/2007 Princeton: 6 / Yale: 27,L,H
11/17/2007,Dartmouth,17,14,11/17/2007 Princeton: 17 / Dartmouth: 14,W,A
9/20/2008,The Citadel,24,37,9/20/2008 Princeton: 24 / The Citadel: 37,L,A
9/27/2008,Lehigh,10,7,9/27/2008 Princeton: 10 / Lehigh: 7,W,H
10/4/2008,Columbia,27,24,10/4/2008 Princeton: 27 / Columbia: 24,W,A
10/11/2008,Colgate,24,27,10/11/2008 Princeton: 24 / Colgate: 27,L,A
10/18/2008,Brown,10,31,10/18/2008 Princeton: 10 / Brown: 31,L,H
10/25/2008,Harvard,20,24,10/25/2008 Princeton: 20 / Harvard: 24,L,H
11/1/2008,Cornell,31,26,11/1/2008 Princeton: 31 / Cornell: 26,W,A
11/7/2008,Penn,9,14,11/7/2008 Princeton: 9 / Penn: 14,L,H
11/15/2008,Yale,0,14,11/15/2008 Princeton: 0 / Yale: 14,L,A
11/22/2008,Dartmouth,28,10,11/22/2008 Princeton: 28 / Dartmouth: 10,W,H
9/19/2009,The Citadel,7,38,9/19/2009 Princeton: 7 / The Citadel: 38,L,H
9/26/2009,Lehigh,17,14,9/26/2009 Princeton: 17 / Lehigh: 14,W,A
10/3/2009,Columbia,0,38,10/3/2009 Princeton: 0 / Columbia: 38,L,H
10/8/2009,Colgate,14,21,10/8/2009 Princeton: 14 / Colgate: 21,L,H
10/17/2009,Brown,17,34,10/17/2009 Princeton: 17 / Brown: 34,L,A
10/24/2009,Harvard,3,37,10/24/2009 Princeton: 3 / Harvard: 37,L,A
10/31/2009,Cornell,17,14,10/31/2009 Princeton: 17 / Cornell: 14,W,H
11/7/2009,Penn,7,42,11/7/2009 Princeton: 7 / Penn: 42,L,A
11/14/2009,Yale,24,17,11/14/2009 Princeton: 24 / Yale: 17,W,H
11/21/2009,Dartmouth,23,11,11/21/2009 Princeton: 23 / Dartmouth: 11,W,A
9/18/2010,Lehigh,22,35,9/18/2010 Princeton: 22 / Lehigh: 35,L,A
9/25/2010,Lafayette,36,33,9/25/2010 Princeton: 36 / Lafayette: 33,W,H
10/2/2010,Columbia,14,42,10/2/2010 Princeton: 14 / Columbia: 42,L,A
10/9/2010,Colgate,10,44,10/9/2010 Princeton: 10 / Colgate: 44,L,H
10/16/2010,Brown,13,17,10/16/2010 Princeton: 13 / Brown: 17,L,H
10/23/2010,Harvard,28,45,10/23/2010 Princeton: 28 / Harvard: 45,L,H
10/30/2010,Cornell,19,21,10/30/2010 Princeton: 19 / Cornell: 21,L,A
11/6/2010,Penn,10,52,11/6/2010 Princeton: 10 / Penn: 52,L,H
11/13/2010,Yale,13,14,11/13/2010 Princeton: 13 / Yale: 14,L,A
11/20/2010,Dartmouth,0,31,11/20/2010 Princeton: 0 / Dartmouth: 31,L,H
9/17/2011,Lehigh,22,34,9/17/2011 Princeton: 22 / Lehigh: 34,L,H
9/24/2011,Bucknell,9,34,9/24/2011 Princeton: 9 / Bucknell: 34,L,H
10/1/2011,Columbia,24,21,10/1/2011 Princeton: 24 / Columbia: 21,W,H
10/8/2011,Hampton,23,28,10/8/2011 Princeton: 23 / Hampton: 28,L,A
10/15/2011,Brown,0,34,10/15/2011 Princeton: 0 / Brown: 34,L,A
10/22/2011,Harvard,39,56,10/22/2011 Princeton: 39 / Harvard: 56,L,A
10/29/2011,Cornell,7,24,10/29/2011 Princeton: 7 / Cornell: 24,L,H
11/5/2011,Penn,9,37,11/5/2011 Princeton: 9 / Penn: 37,L,A
11/12/2011,Yale,24,33,11/12/2011 Princeton: 24 / Yale: 33,L,H
11/19/2011,Dartmouth,17,24,11/19/2011 Princeton: 17 / Dartmouth: 24,L,A
9/15/2012,Lehigh,14,17,9/15/2012 Princeton: 14 / Lehigh: 17,L,A
9/21/2012,Georgetown,20,21,9/21/2012 Princeton: 20 / Georgetown: 21,L,H
9/29/2012,Columbia,33,6,9/29/2012 Princeton: 33 / Columbia: 6,W,A
10/6/2012,Lafayette,35,14,10/6/2012 Princeton: 35 / Lafayette: 14,W,A
10/13/2012,Brown,19,0,10/13/2012 Princeton: 19 / Brown: 0,W,H
10/20/2012,Harvard,39,34,10/20/2012 Princeton: 39 / Harvard: 34,W,H
10/27/2012,Cornell,35,37,10/27/2012 Princeton: 35 / Cornell: 37,L,A
11/3/2012,Penn,21,28,11/3/2012 Princeton: 21 / Penn: 28,L,H
11/10/2012,Yale,29,7,11/10/2012 Princeton: 29 / Yale: 7,W,A
11/17/2012,Dartmouth,21,35,11/17/2012 Princeton: 21 / Dartmouth: 35,L,H
9/21/2013,Lehigh,28,29,9/21/2013 Princeton: 28 / Lehigh: 29,L,H
9/28/2013,Georgetown,50,22,9/28/2013 Princeton: 50 / Georgetown: 22,W,A
10/5/2013,Columbia,53,7,10/5/2013 Princeton: 53 / Columbia: 7,W,H
10/12/2013,Lafayette,42,26,10/12/2013 Princeton: 42 / Lafayette: 26,W,H
10/19/2013,Brown,39,17,10/19/2013 Princeton: 39 / Brown: 17,W,A
10/26/2013,Harvard,51,48,10/26/2013 Princeton: 51 / Harvard: 48,W,A
11/2/2013,Cornell,53,20,11/2/2013 Princeton: 53 / Cornell: 20,W,H
11/9/2013,Penn,38,26,11/9/2013 Princeton: 38 / Penn: 26,W,A
11/16/2013,Yale,59,23,11/16/2013 Princeton: 59 / Yale: 23,W,H
11/23/2013,Dartmouth,24,28,11/23/2013 Princeton: 24 / Dartmouth: 28,L,A
9/20/2014,San Diego,29,39,9/20/2014 Princeton: 29 / San Diego: 39,L,A
9/27/2014,Davidson,56,17,9/27/2014 Princeton: 56 / Davidson: 17,W,H
10/4/2014,Columbia,38,6,10/4/2014 Princeton: 38 / Columbia: 6,W,A
10/11/2014,Colgate,30,31,10/11/2014 Princeton: 30 / Colgate: 31,L,A
10/18/2014,Brown,27,16,10/18/2014 Princeton: 27 / Brown: 16,W,H
10/25/2014,Harvard,7,49,10/25/2014 Princeton: 27 / Harvard: 49,L,H
11/1/2014,Cornell,38,27,11/1/2014 Princeton: 7 / Cornell: 27,W,A
11/8/2014,Penn,22,17,11/8/2014 Princeton: 38 / Penn: 17,W,H
11/15/2014,Yale,30,44,11/15/2014 Princeton: 22 / Yale: 44,L,A
11/22/2014,Dartmouth,10,41,11/22/2014 Princeton: 30 / Dartmouth: 41,L,H
9/19/2015,Lafayette,40,7,9/19/2015 Princeton: 10 / Lafayette: 7,W,A
9/26/2015,Lehigh,52,26,9/26/2015 Princeton: 52 / Lehigh: 26,W,H
10/2/2015,Columbia,10,5,10/2/2015 Princeton: 10 / Columbia: 5,W,H
10/10/2015,Colgate,44,20,10/10/2015 Princeton: 44 / Colgate: 20,W,H
10/17/2015,Brown,31,38,10/17/2015 Princeton: 31 / Brown: 38,L,A
10/24/2015,Harvard,7,42,10/24/2015 Princeton: 7 / Harvard: 42,L,A
10/31/2015,Cornell,47,21,10/31/2015 Princeton: 47 / Cornell: 21,W,H
11/7/2015,Penn,23,26,11/7/2015 Princeton: 23 / Penn: 26,L,A
11/14/2015,Yale,28,35,11/14/2015 Princeton: 28 / Yale: 35,L,H
11/21/2015,Dartmouth,10,17,11/21/2015 Princeton: 10 / Dartmouth: 17,L,A
9/17/2016,Lafayette,35,31,9/17/2016 Princeton: 35 / Lafayette: 31,W,H
9/24/2016,Lehigh,28,42,9/24/2016 Princeton: 28 / Lehigh: 42,L,A
10/1/2016,Columbia,48,13,10/1/2016 Princeton: 48 / Columbia: 13,W,A
10/8/2016,Georgetown,31,17,10/8/2016 Princeton: 31 / Georgetown: 17,W,A
10/15/2016,Brown,31,7,10/15/2016 Princeton: 31 / Brown: 7,W,H
10/22/2016,Harvard,20,23,10/22/2016 Princeton: 20 / Harvard: 23,L,H
10/29/2016,Cornell,56,7,10/29/2016 Princeton: 56 / Cornell: 7,W,A
11/5/2016,Penn,28,0,11/5/2016 Princeton: 28 / Penn: 0,W,H
11/12/2016,Yale,31,3,11/12/2016 Princeton: 31 / Yale: 3,W,A
11/19/2016,Dartmouth,38,21,11/19/2016 Princeton: 38 / Dartmouth: 21,W,H
9/16/2017,San Diego,27,17,9/16/2017 Princeton: 27 / San Diego: 17,W,H
9/23/2017,Lafayette,38,17,9/23/2017 Princeton: 38 / Lafayette: 17,W,A
9/30/2017,Columbia,24,28,9/30/2017 Princeton: 24 / Columbia: 28,L,H
10/7/2017,Georgetown,50,30,10/7/2017 Princeton: 50 / Georgetown: 30,W,H
10/14/2017,Brown,53,0,10/14/2017 Princeton: 53 / Brown: 0,W,A
10/20/2017,Harvard,52,17,10/20/2017 Princeton: 52 / Harvard: 17,W,A
10/28/2017,Cornell,28,29,10/28/2017 Princeton: 28 / Cornell: 29,L,H
11/4/2017,Penn,35,38,11/4/2017 Princeton: 35 / Penn: 38,L,A
11/11/2017,Yale,31,35,11/11/2017 Princeton: 31 / Yale: 35,L,H
11/18/2017,Dartmouth,44,54,11/18/2017 Princeton: 44 / Dartmouth: 54,L,A
9/25/2018,Butler,50,7,9/25/2018 Princeton: 50 / Butler: 7,W,A
9/22/2018,Monmouth,51,9,9/22/2018 Princeton: 51 / Monmouth: 9,W,H
9/28/2018,Columbia,45,10,9/28/2018 Princeton: 45 / Columbia: 10,W,A
10/6/2018,Lehigh,66,7,10/6/2018 Princeton: 66 / Lehigh: 7,W,H
10/13/2018,Brown,48,10,10/13/2018 Princeton: 48 / Brown: 10,W,H
10/20/2018,Harvard,29,21,10/20/2018 Princeton: 29 / Harvard: 21,W,A
10/27/2018,Cornell,66,0,10/27/2018 Princeton: 66 / Cornell: 0,W,H
11/3/2018,Dartmouth,14,9,11/3/2018 Princeton: 14 / Dartmouth: 9,W,H
11/10/2018,Yale,59,43,11/10/2018 Princeton: 59 / Yale: 43,W,A
11/17/2018,Penn,42,14,11/17/2018 Princeton: 42 / Penn: 14,W,H
9/21/2019,Butler,49,7,9/21/2019 Princeton: 49 / Butler: 7,W,H
9/28/2019,Bucknell,56,23,9/28/2019 Princeton: 56 / Bucknell: 23,W,A
10/5/2019,Columbia,21,10,10/5/2019 Princeton: 21 / Columbia: 10,W,H
10/11/2019,Lafayette,28,3,10/11/2019 Princeton: 28 / Lafayette: 3,W,H
10/19/2019,Brown,65,22,10/19/2019 Princeton: 65 / Brown: 22,W,A
10/26/2019,Harvard,30,24,10/26/2019 Princeton: 30 / Harvard: 24,W,H
11/1/2019,Cornell,21,7,11/1/2019 Princeton: 21 / Cornell: 7,W,A
11/9/2019,Dartmouth,10,27,11/9/2019 Princeton: 10 / Dartmouth: 27,L,N
11/16/2019,Yale,14,51,11/16/2019 Princeton: 14 / Yale: 51,L,H
11/23/2019,Penn,28,7,11/23/2019 Princeton: 28 / Penn: 7,W,A
9/18/2021,Lehigh,32,0,9/18/2021 Princeton: 32 / Lehigh: 0,W,A
9/25/2021,Stetson,63,0,9/25/2021 Princeton: 63 / Stetson: 0,W,H
10/2/2021,Columbia,24,7,10/2/2021 Princeton: 24 / Columbia: 7,W,H
10/9/2021,Monmouth,31,28,10/9/2021 Princeton: 31 / Monmouth: 28,W,A
10/16/2021,Brown,56,42,10/16/2021 Princeton: 56 / Brown: 42,W,A
10/23/2021,Harvard,18,16,10/23/2021 Princeton: 18 / Harvard: 16,W,H
10/29/2021,Cornell,34,16,10/29/2021 Princeton: 34 / Cornell: 16,W,A
11/5/2021,Dartmouth,7,31,11/5/2021 Princeton: 7 / Dartmouth: 31,L,A
11/13/2021,Yale,35,20,11/13/2021 Princeton: 35 / Yale: 20,W,H
11/20/2021,Penn,34,14,11/20/2021 Princeton: 34 / Penn: 14,W,A
,,,,12/30/1899 Princeton:  / : ,T,
,,,,12/30/1899 Princeton:  / : ,T,
,,,,12/30/1899 Princeton:  / : ,T,
,,,,12/30/1899 Princeton:  / : ,T,
,,,,12/30/1899 Princeton:  / : ,T,
,,,,12/30/1899 Princeton:  / : ,T,
,,,,12/30/1899 Princeton:  / : ,T,
,,,,12/30/1899 Princeton:  / : ,T,
,,,,12/30/1899 Princeton:  / : ,T,
,,,,12/30/1899 Princeton:  / : ,T,
,,,,12/30/1899 Princeton:  / : ,T,
,,,,12/30/1899 Princeton:  / : ,T,
,,,,12/30/1899 Princeton:  / : ,T,
,,,,12/30/1899 Princeton:  / : ,T,
,,,,12/30/1899 Princeton:  / : ,T,
,,,,12/30/1899 Princeton:  / : ,T,
,,,,12/30/1899 Princeton:  / : ,T,
,,,,12/30/1899 Princeton:  / : ,T,
,,,,12/30/1899 Princeton:  / : ,T,
,,,,12/30/1899 Princeton:  / : ,T,
,,,,12/30/1899 Princeton:  / : ,T,
,,,,12/30/1899 Princeton:  / : ,T,
,,,,12/30/1899 Princeton:  / : ,T,
,,,,12/30/1899 Princeton:  / : ,T,
,,,,12/30/1899 Princeton:  / : ,T,
,,,,12/30/1899 Princeton:  / : ,T,
,,,,12/30/1899 Princeton:  / : ,T,
,,,,12/30/1899 Princeton:  / : ,T,
,,,,12/30/1899 Princeton:  / : ,T,
,,,,12/30/1899 Princeton:  / : ,T,
,,,,12/30/1899 Princeton:  / : ,T,
,,,,12/30/1899 Princeton:  / : ,T,
,,,,12/30/1899 Princeton:  / : ,T,
,,,,12/30/1899 Princeton:  / : ,T,
,,,,12/30/1899 Princeton:  / : ,T,
,,,,12/30/1899 Princeton:  / : ,T,
,,,,12/30/1899 Princeton:  / : ,T,
,,,,12/30/1899 Princeton:  / : ,T,
,,,,12/30/1899 Princeton:  / : ,T,
,,,,12/30/1899 Princeton:  / : ,T,
,,,,12/30/1899 Princeton:  / : ,T,
,,,,12/30/1899 Princeton:  / : ,T,
,,,,12/30/1899 Princeton:  / : ,T,
,,,,12/30/1899 Princeton:  / : ,T,
,,,,12/30/1899 Princeton:  / : ,T,
,,,,12/30/1899 Princeton:  / : ,T,
,,,,12/30/1899 Princeton:  / : ,T,
,,,,12/30/1899 Princeton:  / : ,T,
,,,,12/30/1899 Princeton:  / : ,T,
,,,,12/30/1899 Princeton:  / : ,T,
,,,,12/30/1899 Princeton:  / : ,T,
,,,,12/30/1899 Princeton:  / : ,T,
,,,,12/30/1899 Princeton:  / : ,T,
,,,,12/30/1899 Princeton:  / : ,T,
,,,,12/30/1899 Princeton:  / : ,T,
,,,,12/30/1899 Princeton:  / : ,T,
,,,,12/30/1899 Princeton:  / : ,T,
,,,,12/30/1899 Princeton:  / : ,T,
,,,,12/30/1899 Princeton:  / : ,T,
,,,,12/30/1899 Princeton:  / : ,T,
,,,,12/30/1899 Princeton:  / : ,T,
,,,,12/30/1899 Princeton:  / : ,T,
,,,,12/30/1899 Princeton:  / : ,T,
,,,,12/30/1899 Princeton:  / : ,T,
,,,,12/30/1899 Princeton:  / : ,T,
,,,,12/30/1899 Princeton:  / : ,T,
,,,,12/30/1899 Princeton:  / : ,T,
,,,,12/30/1899 Princeton:  / : ,T,
,,,,12/30/1899 Princeton:  / : ,T,
,,,,12/30/1899 Princeton:  / : ,T,
,,,,12/30/1899 Princeton:  / : ,T,
,,,,12/30/1899 Princeton:  / : ,T,
,,,,12/30/1899 Princeton:  / : ,T,
,,,,12/30/1899 Princeton:  / : ,T,
,,,,12/30/1899 Princeton:  / : ,T,
,,,,12/30/1899 Princeton:  / : ,T,
,,,,12/30/1899 Princeton:  / : ,T,
,,,,12/30/1899 Princeton:  / : ,T,
,,,,12/30/1899 Princeton:  / : ,T,
,,,,12/30/1899 Princeton:  / : ,T,
,,,,12/30/1899 Princeton:  / : ,T,
,,,,12/30/1899 Princeton:  / : ,T,
,,,,12/30/1899 Princeton:  / : ,T,
,,,,12/30/1899 Princeton:  / : ,T,
,,,,12/30/1899 Princeton:  / : ,T,
,,,,12/30/1899 Princeton:  / : ,T,
,,,,12/30/1899 Princeton:  / : ,T,
,,,,12/30/1899 Princeton:  / : ,T,
,,,,12/30/1899 Princeton:  / : ,T,
,,,,12/30/1899 Princeton:  / : ,T,
,,,,12/30/1899 Princeton:  / : ,T,
,,,,12/30/1899 Princeton:  / : ,T,
,,,,12/30/1899 Princeton:  / : ,T,
,,,,12/30/1899 Princeton:  / : ,T,
,,,,12/30/1899 Princeton:  / : ,T,
,,,,12/30/1899 Princeton:  / : ,T,
,,,,12/30/1899 Princeton:  / : ,T,
,,,,12/30/1899 Princeton:  / : ,T,
,,,,12/30/1899 Princeton:  / : ,T,
,,,,12/30/1899 Princeton:  / : ,T,
,,,,12/30/1899 Princeton:  / : ,T,
,,,,12/30/1899 Princeton:  / : ,T,
,,,,12/30/1899 Princeton:  / : ,T,
,,,,12/30/1899 Princeton:  / : ,T,
,,,,12/30/1899 Princeton:  / : ,T,
,,,,12/30/1899 Princeton:  / : ,T,
,,,,12/30/1899 Princeton:  / : ,T,
,,,,12/30/1899 Princeton:  / : ,T,
,,,,12/30/1899 Princeton:  / : ,T,
,,,,12/30/1899 Princeton:  / : ,T,
,,,,12/30/1899 Princeton:  / : ,T,
,,,,12/30/1899 Princeton:  / : ,T,
,,,,12/30/1899 Princeton:  / : ,T,
,,,,12/30/1899 Princeton:  / : ,T,
,,,,12/30/1899 Princeton:  / : ,T,
,,,,12/30/1899 Princeton:  / : ,T,
,,,,12/30/1899 Princeton:  / : ,T,
,,,,12/30/1899 Princeton:  / : ,T,
,,,,12/30/1899 Princeton:  / : ,T,
,,,,12/30/1899 Princeton:  / : ,T,
,,,,12/30/1899 Princeton:  / : ,T,
,,,,12/30/1899 Princeton:  / : ,T,
,,,,12/30/1899 Princeton:  / : ,T,
,,,,12/30/1899 Princeton:  / : ,T,
,,,,12/30/1899 Princeton:  / : ,T,
,,,,12/30/1899 Princeton:  / : ,T,
,,,,12/30/1899 Princeton:  / : ,T,
,,,,12/30/1899 Princeton:  / : ,T,
,,,,12/30/1899 Princeton:  / : ,T,
,,,,12/30/1899 Princeton:  / : ,T,
,,,,12/30/1899 Princeton:  / : ,T,
,,,,12/30/1899 Princeton:  / : ,T,
,,,,12/30/1899 Princeton:  / : ,T,
,,,,12/30/1899 Princeton:  / : ,T,
,,,,12/30/1899 Princeton:  / : ,T,
,,,,12/30/1899 Princeton:  / : ,T,
,,,,12/30/1899 Princeton:  / : ,T,
,,,,12/30/1899 Princeton:  / : ,T,
,,,,12/30/1899 Princeton:  / : ,T,
,,,,12/30/1899 Princeton:  / : ,T,
,,,,12/30/1899 Princeton:  / : ,T,
,,,,12/30/1899 Princeton:  / : ,T,
,,,,12/30/1899 Princeton:  / : ,T,
,,,,12/30/1899 Princeton:  / : ,T,
,,,,12/30/1899 Princeton:  / : ,T,
,,,,12/30/1899 Princeton:  / : ,T,
,,,,12/30/1899 Princeton:  / : ,T,
,,,,12/30/1899 Princeton:  / : ,T,
,,,,12/30/1899 Princeton:  / : ,T,
,,,,12/30/1899 Princeton:  / : ,T,
,,,,12/30/1899 Princeton:  / : ,T,
,,,,12/30/1899 Princeton:  / : ,T,
,,,,12/30/1899 Princeton:  / : ,T,
,,,,12/30/1899 Princeton:  / : ,T,
,,,,12/30/1899 Princeton:  / : ,T,
,,,,12/30/1899 Princeton:  / : ,T,
,,,,12/30/1899 Princeton:  / : ,T,
,,,,12/30/1899 Princeton:  / : ,T,
,,,,12/30/1899 Princeton:  / : ,T,
,,,,12/30/1899 Princeton:  / : ,T,
,,,,12/30/1899 Princeton:  / : ,T,
,,,,12/30/1899 Princeton:  / : ,T,
,,,,12/30/1899 Princeton:  / : ,T,
,,,,12/30/1899 Princeton:  / : ,T,